GEOID,tpopr,nhwhite,nhblk,nhasn,hisp,pblk,pwht,pasn,phisp,NAME,nhwhitec,nhasnc,nhblkc,hispc,tpopc,pwhtc,pasnc,pblkc,phispc
26163500300,3137,191,2761,82,36,0.8801402613962385,0.06088619700350654,0.02613962384443736,0.011475932419509085,Detroit,40806,3434,506977,39349,603346,0.06763283422778969,0.005691593215170068,0.8402757290178439,0.06521796779957106
26163500400,1664,60,1542,1,23,0.9266826923076923,0.036057692307692304,6.009615384615385e-4,0.013822115384615384,Detroit,40806,3434,506977,39349,603346,0.06763283422778969,0.005691593215170068,0.8402757290178439,0.06521796779957106
26163500500,2205,50,2103,5,13,0.9537414965986395,0.022675736961451247,0.0022675736961451248,0.0058956916099773245,Detroit,40806,3434,506977,39349,603346,0.06763283422778969,0.005691593215170068,0.8402757290178439,0.06521796779957106
26163500600,3714,135,3440,23,20,0.9262250942380184,0.036348949919224556,0.006192784060312331,0.005385029617662897,Detroit,40806,3434,506977,39349,603346,0.06763283422778969,0.005691593215170068,0.8402757290178439,0.06521796779957106
26163500700,4391,331,3892,5,43,0.8863584604873606,0.0753814620815304,0.0011386927806877705,0.009792757913914825,Detroit,40806,3434,506977,39349,603346,0.06763283422778969,0.005691593215170068,0.8402757290178439,0.06521796779957106
26163500800,2485,261,2164,13,21,0.8708249496981891,0.10503018108651911,0.005231388329979879,0.008450704225352112,Detroit,40806,3434,506977,39349,603346,0.06763283422778969,0.005691593215170068,0.8402757290178439,0.06521796779957106
26163500900,4035,125,3779,16,43,0.9365551425030979,0.030978934324659233,0.003965303593556382,0.010656753407682776,Detroit,40806,3434,506977,39349,603346,0.06763283422778969,0.005691593215170068,0.8402757290178439,0.06521796779957106
26163501000,3499,80,3313,4,30,0.9468419548442412,0.02286367533581023,0.0011431837667905116,0.008573878250928837,Detroit,40806,3434,506977,39349,603346,0.06763283422778969,0.005691593215170068,0.8402757290178439,0.06521796779957106
26163501100,3762,102,3596,1,17,0.9558745348219032,0.02711323763955343,2.658160552897395e-4,0.004518872939925572,Detroit,40806,3434,506977,39349,603346,0.06763283422778969,0.005691593215170068,0.8402757290178439,0.06521796779957106
26163501200,1963,51,1887,0,4,0.9612837493632196,0.02598064187468161,0,0.0020376974019358125,Detroit,40806,3434,506977,39349,603346,0.06763283422778969,0.005691593215170068,0.8402757290178439,0.06521796779957106
26163501300,3836,87,3649,0,14,0.9512513034410844,0.02267987486965589,0,0.0036496350364963502,Detroit,40806,3434,506977,39349,603346,0.06763283422778969,0.005691593215170068,0.8402757290178439,0.06521796779957106
26163501400,3895,286,3471,7,47,0.8911424903722721,0.07342747111681643,0.001797175866495507,0.012066752246469832,Detroit,40806,3434,506977,39349,603346,0.06763283422778969,0.005691593215170068,0.8402757290178439,0.06521796779957106
26163501500,4095,522,3437,31,34,0.8393162393162393,0.12747252747252746,0.00757020757020757,0.008302808302808303,Detroit,40806,3434,506977,39349,603346,0.06763283422778969,0.005691593215170068,0.8402757290178439,0.06521796779957106
26163503100,3081,163,2836,28,20,0.9204803635183382,0.05290490100616683,0.009087958455047063,0.006491398896462187,Detroit,40806,3434,506977,39349,603346,0.06763283422778969,0.005691593215170068,0.8402757290178439,0.06521796779957106
26163503200,3817,201,3462,26,37,0.9069950222687975,0.0526591564055541,0.006811632171862719,0.009693476552266178,Detroit,40806,3434,506977,39349,603346,0.06763283422778969,0.005691593215170068,0.8402757290178439,0.06521796779957106
26163503300,4302,144,4015,55,16,0.9332868433286843,0.03347280334728033,0.012784751278475127,0.003719200371920037,Detroit,40806,3434,506977,39349,603346,0.06763283422778969,0.005691593215170068,0.8402757290178439,0.06521796779957106
26163503400,1557,72,1270,163,21,0.8156711624919717,0.046242774566473986,0.10468850353243417,0.01348747591522158,Detroit,40806,3434,506977,39349,603346,0.06763283422778969,0.005691593215170068,0.8402757290178439,0.06521796779957106
26163503500,3936,107,3613,116,28,0.9179369918699187,0.027184959349593495,0.029471544715447155,0.007113821138211382,Detroit,40806,3434,506977,39349,603346,0.06763283422778969,0.005691593215170068,0.8402757290178439,0.06521796779957106
26163503600,1939,93,1631,163,11,0.8411552346570397,0.0479628674574523,0.08406395048994326,0.005673027333677153,Detroit,40806,3434,506977,39349,603346,0.06763283422778969,0.005691593215170068,0.8402757290178439,0.06521796779957106
26163503900,2250,36,2172,2,6,0.9653333333333334,0.016,8.888888888888889e-4,0.0026666666666666666,Detroit,40806,3434,506977,39349,603346,0.06763283422778969,0.005691593215170068,0.8402757290178439,0.06521796779957106
26163504000,1483,35,1412,1,7,0.952124072825354,0.023600809170600135,6.743088334457181e-4,0.004720161834120027,Detroit,40806,3434,506977,39349,603346,0.06763283422778969,0.005691593215170068,0.8402757290178439,0.06521796779957106
26163504100,1748,36,1655,1,13,0.9467963386727689,0.020594965675057208,5.720823798627002e-4,0.007437070938215103,Detroit,40806,3434,506977,39349,603346,0.06763283422778969,0.005691593215170068,0.8402757290178439,0.06521796779957106
26163504200,2426,17,2356,0,12,0.9711459192085737,0.007007419620774938,0,0.00494641384995878,Detroit,40806,3434,506977,39349,603346,0.06763283422778969,0.005691593215170068,0.8402757290178439,0.06521796779957106
26163504300,2695,66,2548,9,17,0.9454545454545454,0.024489795918367346,0.003339517625231911,0.006307977736549165,Detroit,40806,3434,506977,39349,603346,0.06763283422778969,0.005691593215170068,0.8402757290178439,0.06521796779957106
26163504400,1999,28,1945,2,5,0.9729864932466233,0.014007003501750876,0.0010005002501250625,0.0025012506253126563,Detroit,40806,3434,506977,39349,603346,0.06763283422778969,0.005691593215170068,0.8402757290178439,0.06521796779957106
26163504700,2097,26,2033,2,9,0.9694802098235574,0.01239866475917978,9.537434430138292e-4,0.004291845493562232,Detroit,40806,3434,506977,39349,603346,0.06763283422778969,0.005691593215170068,0.8402757290178439,0.06521796779957106
26163504800,793,42,736,0,7,0.9281210592686002,0.05296343001261034,0,0.008827238335435058,Detroit,40806,3434,506977,39349,603346,0.06763283422778969,0.005691593215170068,0.8402757290178439,0.06521796779957106
26163504900,3495,109,3313,4,21,0.9479256080114449,0.03118741058655222,0.0011444921316165952,0.006008583690987125,Detroit,40806,3434,506977,39349,603346,0.06763283422778969,0.005691593215170068,0.8402757290178439,0.06521796779957106
26163505000,1263,40,1198,1,5,0.948535233570863,0.03167062549485352,7.91765637371338e-4,0.00395882818685669,Detroit,40806,3434,506977,39349,603346,0.06763283422778969,0.005691593215170068,0.8402757290178439,0.06521796779957106
26163505200,3348,80,3192,1,16,0.953405017921147,0.023894862604540025,2.986857825567503e-4,0.0047789725209080045,Detroit,40806,3434,506977,39349,603346,0.06763283422778969,0.005691593215170068,0.8402757290178439,0.06521796779957106
26163505400,3001,91,2765,65,29,0.9213595468177275,0.03032322559146951,0.02165944685104965,0.009663445518160613,Detroit,40806,3434,506977,39349,603346,0.06763283422778969,0.005691593215170068,0.8402757290178439,0.06521796779957106
26163505500,1472,85,1340,1,13,0.9103260869565217,0.057744565217391304,6.793478260869565e-4,0.008831521739130434,Detroit,40806,3434,506977,39349,603346,0.06763283422778969,0.005691593215170068,0.8402757290178439,0.06521796779957106
26163506100,1921,113,1723,23,10,0.8969286829776159,0.058823529411764705,0.011972930765226444,0.0052056220718375845,Detroit,40806,3434,506977,39349,603346,0.06763283422778969,0.005691593215170068,0.8402757290178439,0.06521796779957106
26163506200,2285,85,2137,1,25,0.9352297592997811,0.037199124726477024,4.37636761487965e-4,0.010940919037199124,Detroit,40806,3434,506977,39349,603346,0.06763283422778969,0.005691593215170068,0.8402757290178439,0.06521796779957106
26163506300,2352,88,2182,8,18,0.9277210884353742,0.03741496598639456,0.003401360544217687,0.007653061224489796,Detroit,40806,3434,506977,39349,603346,0.06763283422778969,0.005691593215170068,0.8402757290178439,0.06521796779957106
26163506400,3095,626,2287,8,132,0.7389337641357028,0.20226171243941843,0.002584814216478191,0.042649434571890146,Detroit,40806,3434,506977,39349,603346,0.06763283422778969,0.005691593215170068,0.8402757290178439,0.06521796779957106
26163506500,2256,50,2115,3,36,0.9375,0.022163120567375887,0.0013297872340425532,0.015957446808510637,Detroit,40806,3434,506977,39349,603346,0.06763283422778969,0.005691593215170068,0.8402757290178439,0.06521796779957106
26163506600,3240,104,3044,1,30,0.9395061728395062,0.03209876543209877,3.0864197530864197e-4,0.009259259259259259,Detroit,40806,3434,506977,39349,603346,0.06763283422778969,0.005691593215170068,0.8402757290178439,0.06521796779957106
26163506900,3818,117,3584,4,35,0.9387113672079623,0.030644316396018858,0.0010476689366160294,0.009167103195390257,Detroit,40806,3434,506977,39349,603346,0.06763283422778969,0.005691593215170068,0.8402757290178439,0.06521796779957106
26163507000,2948,29,2819,3,32,0.9562415196743554,0.00983717774762551,0.0010176390773405698,0.010854816824966078,Detroit,40806,3434,506977,39349,603346,0.06763283422778969,0.005691593215170068,0.8402757290178439,0.06521796779957106
26163507100,2617,26,2528,3,24,0.9659915934275889,0.009935040122277417,0.0011463507833397019,0.009170806266717615,Detroit,40806,3434,506977,39349,603346,0.06763283422778969,0.005691593215170068,0.8402757290178439,0.06521796779957106
26163507200,1434,16,1381,1,13,0.9630404463040446,0.011157601115760111,6.97350069735007e-4,0.00906555090655509,Detroit,40806,3434,506977,39349,603346,0.06763283422778969,0.005691593215170068,0.8402757290178439,0.06521796779957106
26163507300,2814,30,2706,5,21,0.9616204690831557,0.010660980810234541,0.0017768301350390902,0.007462686567164179,Detroit,40806,3434,506977,39349,603346,0.06763283422778969,0.005691593215170068,0.8402757290178439,0.06521796779957106
26163507400,3153,51,3035,4,18,0.9625753250872185,0.016175071360608945,0.0012686330478908975,0.005708848715509039,Detroit,40806,3434,506977,39349,603346,0.06763283422778969,0.005691593215170068,0.8402757290178439,0.06521796779957106
26163507800,772,63,689,0,5,0.8924870466321243,0.08160621761658031,0,0.006476683937823834,Detroit,40806,3434,506977,39349,603346,0.06763283422778969,0.005691593215170068,0.8402757290178439,0.06521796779957106
26163507900,2200,263,1764,22,69,0.8018181818181818,0.11954545454545455,0.01,0.031363636363636364,Detroit,40806,3434,506977,39349,603346,0.06763283422778969,0.005691593215170068,0.8402757290178439,0.06521796779957106
26163508000,1343,260,1028,2,15,0.7654504839910647,0.193596425912137,0.0014892032762472078,0.011169024571854059,Detroit,40806,3434,506977,39349,603346,0.06763283422778969,0.005691593215170068,0.8402757290178439,0.06521796779957106
26163510700,1888,1137,527,68,10,0.2791313559322034,0.6022245762711864,0.036016949152542374,0.005296610169491525,Detroit,40806,3434,506977,39349,603346,0.06763283422778969,0.005691593215170068,0.8402757290178439,0.06521796779957106
26163511000,1971,86,1780,30,35,0.9030948756976154,0.04363267376966007,0.015220700152207,0.017757483510908167,Detroit,40806,3434,506977,39349,603346,0.06763283422778969,0.005691593215170068,0.8402757290178439,0.06521796779957106
26163511200,1442,14,1360,7,9,0.9431345353675451,0.009708737864077669,0.0048543689320388345,0.0062413314840499305,Detroit,40806,3434,506977,39349,603346,0.06763283422778969,0.005691593215170068,0.8402757290178439,0.06521796779957106
26163511300,2510,534,1826,37,18,0.7274900398406374,0.21274900398406374,0.014741035856573706,0.007171314741035857,Detroit,40806,3434,506977,39349,603346,0.06763283422778969,0.005691593215170068,0.8402757290178439,0.06521796779957106
26163511900,1462,60,1326,9,10,0.9069767441860465,0.04103967168262654,0.006155950752393981,0.006839945280437756,Detroit,40806,3434,506977,39349,603346,0.06763283422778969,0.005691593215170068,0.8402757290178439,0.06521796779957106
26163512100,3532,60,3365,7,23,0.952718006795017,0.01698754246885617,0.0019818799546998866,0.0065118912797281995,Detroit,40806,3434,506977,39349,603346,0.06763283422778969,0.005691593215170068,0.8402757290178439,0.06521796779957106
26163512200,1321,15,1282,1,6,0.9704769114307343,0.011355034065102196,7.57002271006813e-4,0.004542013626040878,Detroit,40806,3434,506977,39349,603346,0.06763283422778969,0.005691593215170068,0.8402757290178439,0.06521796779957106
26163512300,1677,28,1564,13,14,0.9326177698270721,0.016696481812760882,0.007751937984496124,0.008348240906380441,Detroit,40806,3434,506977,39349,603346,0.06763283422778969,0.005691593215170068,0.8402757290178439,0.06521796779957106
26163512400,1481,22,1427,0,17,0.9635381498987171,0.014854827819041188,0,0.011478730587440918,Detroit,40806,3434,506977,39349,603346,0.06763283422778969,0.005691593215170068,0.8402757290178439,0.06521796779957106
26163513600,1469,64,1377,0,7,0.9373723621511232,0.043567052416609936,0,0.004765146358066712,Detroit,40806,3434,506977,39349,603346,0.06763283422778969,0.005691593215170068,0.8402757290178439,0.06521796779957106
26163513700,3256,51,3109,16,10,0.9548525798525799,0.015663390663390665,0.004914004914004914,0.003071253071253071,Detroit,40806,3434,506977,39349,603346,0.06763283422778969,0.005691593215170068,0.8402757290178439,0.06521796779957106
26163513900,2235,26,2154,1,13,0.963758389261745,0.011633109619686801,4.4742729306487697e-4,0.0058165548098434005,Detroit,40806,3434,506977,39349,603346,0.06763283422778969,0.005691593215170068,0.8402757290178439,0.06521796779957106
26163514100,3486,52,3339,4,22,0.95783132530120485,0.01491681009753299,0.0011474469305794606,0.006310958118187034,Detroit,40806,3434,506977,39349,603346,0.06763283422778969,0.005691593215170068,0.8402757290178439,0.06521796779957106
26163514200,2726,15,2651,1,16,0.9724871606749816,0.005502567865003668,3.6683785766691124e-4,0.00586940572267058,Detroit,40806,3434,506977,39349,603346,0.06763283422778969,0.005691593215170068,0.8402757290178439,0.06521796779957106
26163514300,3075,63,2956,1,24,0.9613008130081301,0.02048780487804878,3.252032520325203e-4,0.007804878048780488,Detroit,40806,3434,506977,39349,603346,0.06763283422778969,0.005691593215170068,0.8402757290178439,0.06521796779957106
26163514500,1416,18,1367,7,9,0.9653954802259888,0.012711864406779662,0.0049435028248587575,0.006355932203389831,Detroit,40806,3434,506977,39349,603346,0.06763283422778969,0.005691593215170068,0.8402757290178439,0.06521796779957106
26163515200,2032,116,1865,4,13,0.9178149606299213,0.05708661417322835,0.001968503937007874,0.0063976377952755905,Detroit,40806,3434,506977,39349,603346,0.06763283422778969,0.005691593215170068,0.8402757290178439,0.06521796779957106
26163515300,3117,198,2814,14,32,0.9027911453320501,0.06352261790182868,0.004491498235482836,0.010266281681103625,Detroit,40806,3434,506977,39349,603346,0.06763283422778969,0.005691593215170068,0.8402757290178439,0.06521796779957106
26163515400,1344,426,826,7,24,0.6145833333333334,0.3169642857142857,0.005208333333333333,0.017857142857142856,Detroit,40806,3434,506977,39349,603346,0.06763283422778969,0.005691593215170068,0.8402757290178439,0.06521796779957106
26163515600,1385,31,1305,0,10,0.9422382671480144,0.022382671480144403,0,0.007220216606498195,Detroit,40806,3434,506977,39349,603346,0.06763283422778969,0.005691593215170068,0.8402757290178439,0.06521796779957106
26163515700,3295,380,2765,24,31,0.8391502276176024,0.11532625189681335,0.007283763277693475,0.009408194233687404,Detroit,40806,3434,506977,39349,603346,0.06763283422778969,0.005691593215170068,0.8402757290178439,0.06521796779957106
26163515900,1643,34,1587,0,6,0.9659160073037127,0.020693852708460133,0,0.0036518563603164943,Detroit,40806,3434,506977,39349,603346,0.06763283422778969,0.005691593215170068,0.8402757290178439,0.06521796779957106
26163516000,3052,66,2906,1,16,0.9521625163826999,0.02162516382699869,3.27653997378768e-4,0.005242463958060288,Detroit,40806,3434,506977,39349,603346,0.06763283422778969,0.005691593215170068,0.8402757290178439,0.06521796779957106
26163516100,734,11,706,2,2,0.9618528610354223,0.014986376021798364,0.0027247956403269754,0.0027247956403269754,Detroit,40806,3434,506977,39349,603346,0.06763283422778969,0.005691593215170068,0.8402757290178439,0.06521796779957106
26163516200,774,20,739,0,5,0.9547803617571059,0.025839793281653745,0,0.006459948320413436,Detroit,40806,3434,506977,39349,603346,0.06763283422778969,0.005691593215170068,0.8402757290178439,0.06521796779957106
26163516300,890,51,821,2,6,0.9224719101123595,0.05730337078651685,0.0022471910112359553,0.006741573033707865,Detroit,40806,3434,506977,39349,603346,0.06763283422778969,0.005691593215170068,0.8402757290178439,0.06521796779957106
26163516400,1095,83,969,7,12,0.8849315068493151,0.07579908675799087,0.006392694063926941,0.010958904109589041,Detroit,40806,3434,506977,39349,603346,0.06763283422778969,0.005691593215170068,0.8402757290178439,0.06521796779957106
26163516600,2058,13,1963,1,16,0.9538386783284742,0.006316812439261419,4.8590864917395527e-4,0.007774538386783284,Detroit,40806,3434,506977,39349,603346,0.06763283422778969,0.005691593215170068,0.8402757290178439,0.06521796779957106
26163516700,2977,30,2849,9,15,0.9570036949949614,0.010077258985555929,0.0030231776956667787,0.0050386294927779645,Detroit,40806,3434,506977,39349,603346,0.06763283422778969,0.005691593215170068,0.8402757290178439,0.06521796779957106
26163516800,1041,31,961,0,15,0.9231508165225745,0.029779058597502402,0,0.01440922190201729,Detroit,40806,3434,506977,39349,603346,0.06763283422778969,0.005691593215170068,0.8402757290178439,0.06521796779957106
26163516900,1991,92,1836,2,15,0.922149673530889,0.046207935710698145,0.0010045203415369162,0.007533902561526871,Detroit,40806,3434,506977,39349,603346,0.06763283422778969,0.005691593215170068,0.8402757290178439,0.06521796779957106
26163517000,2360,568,1620,86,38,0.6864406779661016,0.24067796610169492,0.036440677966101696,0.016101694915254237,Detroit,40806,3434,506977,39349,603346,0.06763283422778969,0.005691593215170068,0.8402757290178439,0.06521796779957106
26163517100,1062,106,909,8,18,0.8559322033898306,0.09981167608286252,0.007532956685499058,0.01694915254237288,Detroit,40806,3434,506977,39349,603346,0.06763283422778969,0.005691593215170068,0.8402757290178439,0.06521796779957106
26163517300,1943,289,1557,21,23,0.8013381369016984,0.1487390633041688,0.01080802882141019,0.011837364899639732,Detroit,40806,3434,506977,39349,603346,0.06763283422778969,0.005691593215170068,0.8402757290178439,0.06521796779957106
26163517500,2192,225,1778,96,25,0.8111313868613139,0.10264598540145986,0.043795620437956206,0.011405109489051095,Detroit,40806,3434,506977,39349,603346,0.06763283422778969,0.005691593215170068,0.8402757290178439,0.06521796779957106
26163518000,2264,534,1551,62,61,0.6850706713780919,0.23586572438162545,0.027385159010600707,0.026943462897526502,Detroit,40806,3434,506977,39349,603346,0.06763283422778969,0.005691593215170068,0.8402757290178439,0.06521796779957106
26163518400,630,105,472,5,17,0.7492063492063492,0.16666666666666666,0.007936507936507936,0.026984126984126985,Detroit,40806,3434,506977,39349,603346,0.06763283422778969,0.005691593215170068,0.8402757290178439,0.06521796779957106
26163518500,1210,161,990,0,26,0.8181818181818182,0.13305785123966943,0,0.021487603305785124,Detroit,40806,3434,506977,39349,603346,0.06763283422778969,0.005691593215170068,0.8402757290178439,0.06521796779957106
26163518600,797,17,758,0,3,0.9510664993726474,0.02132998745294856,0,0.0037641154328732747,Detroit,40806,3434,506977,39349,603346,0.06763283422778969,0.005691593215170068,0.8402757290178439,0.06521796779957106
26163518800,795,45,721,3,10,0.9069182389937107,0.05660377358490566,0.0037735849056603774,0.012578616352201259,Detroit,40806,3434,506977,39349,603346,0.06763283422778969,0.005691593215170068,0.8402757290178439,0.06521796779957106
26163518900,1854,41,1757,5,11,0.947680690399137,0.022114347357065803,0.002696871628910464,0.005933117583603021,Detroit,40806,3434,506977,39349,603346,0.06763283422778969,0.005691593215170068,0.8402757290178439,0.06521796779957106
26163520200,2571,1061,819,493,58,0.3185530921820303,0.41267989109295994,0.19175418125243096,0.022559315441462467,Detroit,40806,3434,506977,39349,603346,0.06763283422778969,0.005691593215170068,0.8402757290178439,0.06521796779957106
26163520300,2038,713,858,340,47,0.4210009813542689,0.34985279685966636,0.16683022571148184,0.023061825318940136,Detroit,40806,3434,506977,39349,603346,0.06763283422778969,0.005691593215170068,0.8402757290178439,0.06521796779957106
26163520400,1835,385,1247,88,41,0.6795640326975477,0.2098092643051771,0.04795640326975477,0.0223433242506812,Detroit,40806,3434,506977,39349,603346,0.06763283422778969,0.005691593215170068,0.8402757290178439,0.06521796779957106
26163520700,2233,480,1572,39,69,0.7039856695029109,0.2149574563367667,0.017465293327362293,0.03090013434841021,Detroit,40806,3434,506977,39349,603346,0.06763283422778969,0.005691593215170068,0.8402757290178439,0.06521796779957106
26163521100,2080,335,602,1,1067,0.28942307692307695,0.16105769230769232,4.807692307692308e-4,0.5129807692307692,Detroit,40806,3434,506977,39349,603346,0.06763283422778969,0.005691593215170068,0.8402757290178439,0.06521796779957106
26163521300,954,70,744,1,128,0.779874213836478,0.07337526205450734,0.0010482180293501049,0.13417190775681342,Detroit,40806,3434,506977,39349,603346,0.06763283422778969,0.005691593215170068,0.8402757290178439,0.06521796779957106
26163521400,1192,448,487,14,206,0.4085570469798658,0.37583892617449666,0.01174496644295302,0.17281879194630873,Detroit,40806,3434,506977,39349,603346,0.06763283422778969,0.005691593215170068,0.8402757290178439,0.06521796779957106
26163521500,1690,288,1243,2,103,0.7355029585798817,0.17041420118343195,0.001183431952662722,0.06094674556213018,Detroit,40806,3434,506977,39349,603346,0.06763283422778969,0.005691593215170068,0.8402757290178439,0.06521796779957106
26163521800,1216,26,1150,1,11,0.9457236842105263,0.02138157894736842,8.223684210526315e-4,0.009046052631578948,Detroit,40806,3434,506977,39349,603346,0.06763283422778969,0.005691593215170068,0.8402757290178439,0.06521796779957106
26163521900,2942,787,1930,26,98,0.6560163154316792,0.26750509857239974,0.008837525492861998,0.03331067301155676,Detroit,40806,3434,506977,39349,603346,0.06763283422778969,0.005691593215170068,0.8402757290178439,0.06521796779957106
26163522000,2061,65,1907,2,47,0.9252789907811741,0.03153808830664726,9.704027171276079e-4,0.022804463852498787,Detroit,40806,3434,506977,39349,603346,0.06763283422778969,0.005691593215170068,0.8402757290178439,0.06521796779957106
26163522100,950,24,842,5,66,0.8863157894736842,0.02526315789473684,0.005263157894736842,0.06947368421052631,Detroit,40806,3434,506977,39349,603346,0.06763283422778969,0.005691593215170068,0.8402757290178439,0.06521796779957106
26163522200,655,13,608,0,27,0.9282442748091603,0.01984732824427481,0,0.04122137404580153,Detroit,40806,3434,506977,39349,603346,0.06763283422778969,0.005691593215170068,0.8402757290178439,0.06521796779957106
26163522300,1704,21,1624,0,23,0.9530516431924883,0.01232394366197183,0,0.013497652582159625,Detroit,40806,3434,506977,39349,603346,0.06763283422778969,0.005691593215170068,0.8402757290178439,0.06521796779957106
26163522400,1147,55,1027,5,28,0.8953792502179599,0.04795117698343505,0.004359197907585004,0.024411508282476024,Detroit,40806,3434,506977,39349,603346,0.06763283422778969,0.005691593215170068,0.8402757290178439,0.06521796779957106
26163522500,1707,281,1307,12,55,0.7656707674282367,0.16461628588166374,0.007029876977152899,0.03222026947861746,Detroit,40806,3434,506977,39349,603346,0.06763283422778969,0.005691593215170068,0.8402757290178439,0.06521796779957106
26163523100,1648,287,280,3,1032,0.16990291262135923,0.1741504854368932,0.0018203883495145632,0.6262135922330098,Detroit,40806,3434,506977,39349,603346,0.06763283422778969,0.005691593215170068,0.8402757290178439,0.06521796779957106
26163523200,3850,636,190,12,2937,0.04935064935064935,0.1651948051948052,0.003116883116883117,0.7628571428571429,Detroit,40806,3434,506977,39349,603346,0.06763283422778969,0.005691593215170068,0.8402757290178439,0.06521796779957106
26163523300,3326,427,294,4,2554,0.08839446782922429,0.12838244137101623,0.0012026458208057728,0.7678893565844859,Detroit,40806,3434,506977,39349,603346,0.06763283422778969,0.005691593215170068,0.8402757290178439,0.06521796779957106
26163523400,2720,516,732,3,1411,0.2691176470588235,0.18970588235294117,0.0011029411764705882,0.51875,Detroit,40806,3434,506977,39349,603346,0.06763283422778969,0.005691593215170068,0.8402757290178439,0.06521796779957106
26163523800,4582,988,264,21,3216,0.05761676123963335,0.21562636403317328,0.004583151462243562,0.7018769096464426,Detroit,40806,3434,506977,39349,603346,0.06763283422778969,0.005691593215170068,0.8402757290178439,0.06521796779957106
26163524000,2985,515,140,23,2258,0.04690117252931323,0.17252931323283083,0.007705192629815745,0.7564489112227806,Detroit,40806,3434,506977,39349,603346,0.06763283422778969,0.005691593215170068,0.8402757290178439,0.06521796779957106
26163524200,4964,1058,262,12,3572,0.05278001611603546,0.21313456889605156,0.0024174053182917004,0.7195809830781628,Detroit,40806,3434,506977,39349,603346,0.06763283422778969,0.005691593215170068,0.8402757290178439,0.06521796779957106
26163524700,4150,51,3894,1,138,0.9383132530120482,0.012289156626506025,2.4096385542168674e-4,0.03325301204819277,Detroit,40806,3434,506977,39349,603346,0.06763283422778969,0.005691593215170068,0.8402757290178439,0.06521796779957106
26163525400,2374,220,1308,29,795,0.5509688289806234,0.09267059814658804,0.012215669755686605,0.33487784330244313,Detroit,40806,3434,506977,39349,603346,0.06763283422778969,0.005691593215170068,0.8402757290178439,0.06521796779957106
26163525500,1191,41,688,9,437,0.5776658270361041,0.03442485306465155,0.007556675062972292,0.3669185558354324,Detroit,40806,3434,506977,39349,603346,0.06763283422778969,0.005691593215170068,0.8402757290178439,0.06521796779957106
26163525600,1671,333,133,6,1172,0.07959305804907241,0.1992818671454219,0.003590664272890485,0.701376421304608,Detroit,40806,3434,506977,39349,603346,0.06763283422778969,0.005691593215170068,0.8402757290178439,0.06521796779957106
26163525700,5004,998,244,30,3624,0.04876099120703437,0.19944044764188648,0.005995203836930456,0.7242206235011991,Detroit,40806,3434,506977,39349,603346,0.06763283422778969,0.005691593215170068,0.8402757290178439,0.06521796779957106
26163525800,2091,382,277,7,1378,0.1324725011956002,0.18268770923003347,0.003347680535628886,0.6590148254423721,Detroit,40806,3434,506977,39349,603346,0.06763283422778969,0.005691593215170068,0.8402757290178439,0.06521796779957106
26163526000,2984,1271,241,15,1307,0.08076407506702413,0.42593833780160856,0.005026809651474531,0.43800268096514744,Detroit,40806,3434,506977,39349,603346,0.06763283422778969,0.005691593215170068,0.8402757290178439,0.06521796779957106
26163526200,3176,1054,310,10,1686,0.09760705289672544,0.3318639798488665,0.0031486146095717885,0.5308564231738035,Detroit,40806,3434,506977,39349,603346,0.06763283422778969,0.005691593215170068,0.8402757290178439,0.06521796779957106
26163526300,3635,525,470,14,2534,0.12929848693259974,0.14442916093535077,0.0038514442916093533,0.697111416781293,Detroit,40806,3434,506977,39349,603346,0.06763283422778969,0.005691593215170068,0.8402757290178439,0.06521796779957106
26163526400,1600,147,472,11,943,0.295,0.091875,0.006875,0.589375,Detroit,40806,3434,506977,39349,603346,0.06763283422778969,0.005691593215170068,0.8402757290178439,0.06521796779957106
26163526500,2482,37,2158,2,206,0.8694601128122482,0.014907332796132152,8.058017727639e-4,0.08299758259468171,Detroit,40806,3434,506977,39349,603346,0.06763283422778969,0.005691593215170068,0.8402757290178439,0.06521796779957106
26163527200,1190,4,1116,0,45,0.9378151260504202,0.0033613445378151263,0,0.037815126050420166,Detroit,40806,3434,506977,39349,603346,0.06763283422778969,0.005691593215170068,0.8402757290178439,0.06521796779957106
26163527300,1275,10,1128,0,100,0.8847058823529412,0.00784313725490196,0,0.0784313725490196,Detroit,40806,3434,506977,39349,603346,0.06763283422778969,0.005691593215170068,0.8402757290178439,0.06521796779957106
26163530200,4192,517,3367,135,83,0.8031965648854962,0.12333015267175572,0.032204198473282444,0.019799618320610685,Detroit,40806,3434,506977,39349,603346,0.06763283422778969,0.005691593215170068,0.8402757290178439,0.06521796779957106
26163530300,1891,16,1817,4,9,0.960867265996827,0.008461131676361713,0.0021152829190904283,0.004759386567953464,Detroit,40806,3434,506977,39349,603346,0.06763283422778969,0.005691593215170068,0.8402757290178439,0.06521796779957106
26163530400,1694,5,1654,0,13,0.9763872491145218,0.0029515938606847697,0,0.007674144037780401,Detroit,40806,3434,506977,39349,603346,0.06763283422778969,0.005691593215170068,0.8402757290178439,0.06521796779957106
26163530500,2283,43,2170,3,10,0.9505037231712659,0.018834866403854577,0.001314060446780552,0.004380201489268506,Detroit,40806,3434,506977,39349,603346,0.06763283422778969,0.005691593215170068,0.8402757290178439,0.06521796779957106
26163530800,2130,28,2044,0,18,0.9596244131455399,0.013145539906103286,0,0.008450704225352112,Detroit,40806,3434,506977,39349,603346,0.06763283422778969,0.005691593215170068,0.8402757290178439,0.06521796779957106
26163530900,2694,20,2591,2,32,0.9617668893838159,0.007423904974016332,7.423904974016332e-4,0.011878247958426132,Detroit,40806,3434,506977,39349,603346,0.06763283422778969,0.005691593215170068,0.8402757290178439,0.06521796779957106
26163531100,1610,82,1466,4,23,0.9105590062111801,0.05093167701863354,0.002484472049689441,0.014285714285714285,Detroit,40806,3434,506977,39349,603346,0.06763283422778969,0.005691593215170068,0.8402757290178439,0.06521796779957106
26163531200,2532,88,2326,0,49,0.9186413902053713,0.03475513428120063,0,0.019352290679304898,Detroit,40806,3434,506977,39349,603346,0.06763283422778969,0.005691593215170068,0.8402757290178439,0.06521796779957106
26163531300,1497,29,1412,0,9,0.9432197728790915,0.019372077488309953,0,0.006012024048096192,Detroit,40806,3434,506977,39349,603346,0.06763283422778969,0.005691593215170068,0.8402757290178439,0.06521796779957106
26163531400,1935,11,1865,2,25,0.9638242894056848,0.005684754521963824,0.0010335917312661498,0.012919896640826873,Detroit,40806,3434,506977,39349,603346,0.06763283422778969,0.005691593215170068,0.8402757290178439,0.06521796779957106
26163531500,3018,40,2906,1,21,0.9628893306825712,0.013253810470510271,3.313452617627568e-4,0.006958250497017893,Detroit,40806,3434,506977,39349,603346,0.06763283422778969,0.005691593215170068,0.8402757290178439,0.06521796779957106
26163531600,1981,23,1920,3,8,0.9692074709742554,0.011610297829379102,0.001514386673397274,0.004038364462392731,Detroit,40806,3434,506977,39349,603346,0.06763283422778969,0.005691593215170068,0.8402757290178439,0.06521796779957106
26163531700,2070,22,1982,2,7,0.957487922705314,0.010628019323671498,9.66183574879227e-4,0.003381642512077295,Detroit,40806,3434,506977,39349,603346,0.06763283422778969,0.005691593215170068,0.8402757290178439,0.06521796779957106
26163531800,2139,22,2078,2,9,0.9714820009350164,0.010285179990649837,9.350163627863488e-4,0.004207573632538569,Detroit,40806,3434,506977,39349,603346,0.06763283422778969,0.005691593215170068,0.8402757290178439,0.06521796779957106
26163532300,962,112,802,5,8,0.8336798336798337,0.11642411642411643,0.005197505197505198,0.008316008316008316,Detroit,40806,3434,506977,39349,603346,0.06763283422778969,0.005691593215170068,0.8402757290178439,0.06521796779957106
26163532400,1635,67,1509,4,14,0.9229357798165138,0.04097859327217125,0.0024464831804281344,0.00856269113149847,Detroit,40806,3434,506977,39349,603346,0.06763283422778969,0.005691593215170068,0.8402757290178439,0.06521796779957106
26163532600,2043,106,1742,79,67,0.8526676456191875,0.05188448360254528,0.03866862457170827,0.032794909446891826,Detroit,40806,3434,506977,39349,603346,0.06763283422778969,0.005691593215170068,0.8402757290178439,0.06521796779957106
26163532700,962,16,915,0,14,0.9511434511434511,0.016632016632016633,0,0.014553014553014554,Detroit,40806,3434,506977,39349,603346,0.06763283422778969,0.005691593215170068,0.8402757290178439,0.06521796779957106
26163533000,1804,77,1683,3,22,0.9329268292682927,0.042682926829268296,0.0016629711751662971,0.012195121951219513,Detroit,40806,3434,506977,39349,603346,0.06763283422778969,0.005691593215170068,0.8402757290178439,0.06521796779957106
26163533100,1824,7,1769,0,16,0.9698464912280702,0.003837719298245614,0,0.008771929824561403,Detroit,40806,3434,506977,39349,603346,0.06763283422778969,0.005691593215170068,0.8402757290178439,0.06521796779957106
26163533200,1656,12,1604,0,14,0.9685990338164251,0.007246376811594203,0,0.008454106280193236,Detroit,40806,3434,506977,39349,603346,0.06763283422778969,0.005691593215170068,0.8402757290178439,0.06521796779957106
26163533300,1795,35,1700,5,12,0.947075208913649,0.019498607242339833,0.002785515320334262,0.006685236768802228,Detroit,40806,3434,506977,39349,603346,0.06763283422778969,0.005691593215170068,0.8402757290178439,0.06521796779957106
26163533400,3069,24,2959,2,29,0.96415770609319,0.007820136852394917,6.516780710329097e-4,0.009449332029977192,Detroit,40806,3434,506977,39349,603346,0.06763283422778969,0.005691593215170068,0.8402757290178439,0.06521796779957106
26163533500,1322,6,1268,0,24,0.9591527987897126,0.0045385779122541605,0,0.018154311649016642,Detroit,40806,3434,506977,39349,603346,0.06763283422778969,0.005691593215170068,0.8402757290178439,0.06521796779957106
26163533600,2446,9,2370,1,13,0.9689288634505315,0.003679476696647588,4.088307440719542e-4,0.005314799672935405,Detroit,40806,3434,506977,39349,603346,0.06763283422778969,0.005691593215170068,0.8402757290178439,0.06521796779957106
26163533700,1242,16,1184,0,12,0.9533011272141707,0.01288244766505636,0,0.00966183574879227,Detroit,40806,3434,506977,39349,603346,0.06763283422778969,0.005691593215170068,0.8402757290178439,0.06521796779957106
26163533900,2578,250,2199,32,37,0.8529868114817688,0.0969743987587277,0.012412723041117145,0.014352211016291699,Detroit,40806,3434,506977,39349,603346,0.06763283422778969,0.005691593215170068,0.8402757290178439,0.06521796779957106
26163534100,2070,14,1986,0,29,0.9594202898550724,0.00676328502415459,0,0.014009661835748793,Detroit,40806,3434,506977,39349,603346,0.06763283422778969,0.005691593215170068,0.8402757290178439,0.06521796779957106
26163534200,4179,24,4060,0,26,0.9715242881072027,0.00574300071787509,0,0.006221584111031347,Detroit,40806,3434,506977,39349,603346,0.06763283422778969,0.005691593215170068,0.8402757290178439,0.06521796779957106
26163534300,1521,22,1454,1,8,0.9559500328731098,0.014464168310322156,6.574621959237344e-4,0.005259697567389875,Detroit,40806,3434,506977,39349,603346,0.06763283422778969,0.005691593215170068,0.8402757290178439,0.06521796779957106
26163534400,1958,19,1889,1,16,0.9647599591419816,0.009703779366700716,5.107252298263534e-4,0.008171603677221655,Detroit,40806,3434,506977,39349,603346,0.06763283422778969,0.005691593215170068,0.8402757290178439,0.06521796779957106
26163534500,980,9,950,1,9,0.9693877551020408,0.009183673469387756,0.0010204081632653062,0.009183673469387756,Detroit,40806,3434,506977,39349,603346,0.06763283422778969,0.005691593215170068,0.8402757290178439,0.06521796779957106
26163534600,1902,24,1762,1,63,0.9263932702418507,0.012618296529968454,5.257623554153522e-4,0.033123028391167195,Detroit,40806,3434,506977,39349,603346,0.06763283422778969,0.005691593215170068,0.8402757290178439,0.06521796779957106
26163534700,3042,33,2945,3,28,0.9681130834976989,0.010848126232741617,9.861932938856016e-4,0.009204470742932281,Detroit,40806,3434,506977,39349,603346,0.06763283422778969,0.005691593215170068,0.8402757290178439,0.06521796779957106
26163535000,2661,49,2533,2,44,0.9518977827884254,0.0184141300263059,7.51597143930853e-4,0.016535137166478767,Detroit,40806,3434,506977,39349,603346,0.06763283422778969,0.005691593215170068,0.8402757290178439,0.06521796779957106
26163535100,2067,31,1992,0,21,0.9637155297532656,0.014997581035316884,0,0.010159651669085631,Detroit,40806,3434,506977,39349,603346,0.06763283422778969,0.005691593215170068,0.8402757290178439,0.06521796779957106
26163535200,2487,32,2381,1,21,0.9573783675110575,0.012866907921190189,4.020908725371934e-4,0.008443908323281062,Detroit,40806,3434,506977,39349,603346,0.06763283422778969,0.005691593215170068,0.8402757290178439,0.06521796779957106
26163535300,4028,59,3889,1,24,0.9654915590863953,0.014647467725918571,2.4826216484607745e-4,0.005958291956305859,Detroit,40806,3434,506977,39349,603346,0.06763283422778969,0.005691593215170068,0.8402757290178439,0.06521796779957106
26163535400,1522,18,1460,2,6,0.9592641261498029,0.011826544021024968,0.001314060446780552,0.003942181340341655,Detroit,40806,3434,506977,39349,603346,0.06763283422778969,0.005691593215170068,0.8402757290178439,0.06521796779957106
26163535600,3425,108,3215,7,35,0.9386861313868613,0.031532846715328466,0.0020437956204379564,0.010218978102189781,Detroit,40806,3434,506977,39349,603346,0.06763283422778969,0.005691593215170068,0.8402757290178439,0.06521796779957106
26163535700,1486,10,1438,3,13,0.9676985195154778,0.006729475100942127,0.002018842530282638,0.008748317631224764,Detroit,40806,3434,506977,39349,603346,0.06763283422778969,0.005691593215170068,0.8402757290178439,0.06521796779957106
26163536100,3846,83,3663,4,21,0.9524180967238689,0.02158086323452938,0.0010400416016640667,0.00546021840873635,Detroit,40806,3434,506977,39349,603346,0.06763283422778969,0.005691593215170068,0.8402757290178439,0.06521796779957106
26163536200,2012,25,1920,4,12,0.9542743538767395,0.01242544731610338,0.0019880715705765406,0.005964214711729622,Detroit,40806,3434,506977,39349,603346,0.06763283422778969,0.005691593215170068,0.8402757290178439,0.06521796779957106
26163536300,3130,15,3019,0,25,0.9645367412140575,0.004792332268370607,0,0.007987220447284345,Detroit,40806,3434,506977,39349,603346,0.06763283422778969,0.005691593215170068,0.8402757290178439,0.06521796779957106
26163536400,2868,14,2781,2,19,0.9696652719665272,0.0048814504881450485,6.97350069735007e-4,0.006624825662482566,Detroit,40806,3434,506977,39349,603346,0.06763283422778969,0.005691593215170068,0.8402757290178439,0.06521796779957106
26163536500,2363,12,2273,5,19,0.96191282268303,0.0050782903089293275,0.0021159542953872196,0.008040626322471435,Detroit,40806,3434,506977,39349,603346,0.06763283422778969,0.005691593215170068,0.8402757290178439,0.06521796779957106
26163536600,2946,30,2849,0,18,0.9670739986422268,0.010183299389002037,0,0.006109979633401222,Detroit,40806,3434,506977,39349,603346,0.06763283422778969,0.005691593215170068,0.8402757290178439,0.06521796779957106
26163536700,1391,18,1335,1,9,0.9597411933860532,0.012940330697340043,7.189072609633358e-4,0.006470165348670022,Detroit,40806,3434,506977,39349,603346,0.06763283422778969,0.005691593215170068,0.8402757290178439,0.06521796779957106
26163536800,1646,10,1590,0,8,0.9659781287970839,0.006075334143377886,0,0.004860267314702308,Detroit,40806,3434,506977,39349,603346,0.06763283422778969,0.005691593215170068,0.8402757290178439,0.06521796779957106
26163536900,3497,23,3370,2,29,0.9636831569917071,0.00657706605661996,5.719187875321705e-4,0.00829282241921647,Detroit,40806,3434,506977,39349,603346,0.06763283422778969,0.005691593215170068,0.8402757290178439,0.06521796779957106
26163537000,3641,57,3494,0,31,0.9596264762427904,0.015655039824224115,0,0.008514144465806098,Detroit,40806,3434,506977,39349,603346,0.06763283422778969,0.005691593215170068,0.8402757290178439,0.06521796779957106
26163537100,2178,20,2064,1,41,0.9476584022038568,0.009182736455463728,4.591368227731864e-4,0.018824609733700644,Detroit,40806,3434,506977,39349,603346,0.06763283422778969,0.005691593215170068,0.8402757290178439,0.06521796779957106
26163537200,888,12,857,0,5,0.9650900900900901,0.013513513513513514,0,0.00563063063063063,Detroit,40806,3434,506977,39349,603346,0.06763283422778969,0.005691593215170068,0.8402757290178439,0.06521796779957106
26163537300,2750,37,2601,3,47,0.9458181818181818,0.013454545454545455,0.001090909090909091,0.01709090909090909,Detroit,40806,3434,506977,39349,603346,0.06763283422778969,0.005691593215170068,0.8402757290178439,0.06521796779957106
26163537500,2966,25,2883,1,8,0.9720161834120027,0.008428860418071477,3.3715441672285906e-4,0.0026972353337828725,Detroit,40806,3434,506977,39349,603346,0.06763283422778969,0.005691593215170068,0.8402757290178439,0.06521796779957106
26163537600,3243,48,3119,4,27,0.961763798951588,0.014801110083256245,0.0012334258402713536,0.008325624421831638,Detroit,40806,3434,506977,39349,603346,0.06763283422778969,0.005691593215170068,0.8402757290178439,0.06521796779957106
26163537700,3178,26,3072,6,13,0.9666456891126495,0.008181246066708621,0.0018879798615481435,0.0040906230333543105,Detroit,40806,3434,506977,39349,603346,0.06763283422778969,0.005691593215170068,0.8402757290178439,0.06521796779957106
26163537800,2035,36,1953,4,8,0.9597051597051597,0.01769041769041769,0.0019656019656019656,0.003931203931203931,Detroit,40806,3434,506977,39349,603346,0.06763283422778969,0.005691593215170068,0.8402757290178439,0.06521796779957106
26163538100,2076,232,1755,9,25,0.8453757225433526,0.11175337186897881,0.004335260115606936,0.012042389210019268,Detroit,40806,3434,506977,39349,603346,0.06763283422778969,0.005691593215170068,0.8402757290178439,0.06521796779957106
26163538200,1911,229,1593,7,26,0.8335949764521193,0.11983254840397697,0.003663003663003663,0.013605442176870748,Detroit,40806,3434,506977,39349,603346,0.06763283422778969,0.005691593215170068,0.8402757290178439,0.06521796779957106
26163538300,2134,80,1993,4,19,0.9339268978444236,0.03748828491096532,0.0018744142455482662,0.008903467666354265,Detroit,40806,3434,506977,39349,603346,0.06763283422778969,0.005691593215170068,0.8402757290178439,0.06521796779957106
26163538400,3342,270,2931,22,42,0.8770197486535009,0.0807899461400359,0.006582884500299222,0.012567324955116697,Detroit,40806,3434,506977,39349,603346,0.06763283422778969,0.005691593215170068,0.8402757290178439,0.06521796779957106
26163538500,5158,29,4983,8,43,0.9660721209771229,0.005622334238076774,0.0015509887553315238,0.008336564559906941,Detroit,40806,3434,506977,39349,603346,0.06763283422778969,0.005691593215170068,0.8402757290178439,0.06521796779957106
26163538600,4669,19,4526,7,34,0.9693724566288284,0.004069393874491326,0.0014992503748125937,0.007282073249089741,Detroit,40806,3434,506977,39349,603346,0.06763283422778969,0.005691593215170068,0.8402757290178439,0.06521796779957106
26163538700,3606,18,3502,5,32,0.971159179145868,0.004991680532445923,0.0013865779256794233,0.00887409872434831,Detroit,40806,3434,506977,39349,603346,0.06763283422778969,0.005691593215170068,0.8402757290178439,0.06521796779957106
26163538800,1404,6,1374,1,1,0.9786324786324786,0.004273504273504274,7.122507122507123e-4,7.122507122507123e-4,Detroit,40806,3434,506977,39349,603346,0.06763283422778969,0.005691593215170068,0.8402757290178439,0.06521796779957106
26163538900,3526,44,3361,1,41,0.9532047646057856,0.012478729438457176,2.836074872376631e-4,0.011627906976744186,Detroit,40806,3434,506977,39349,603346,0.06763283422778969,0.005691593215170068,0.8402757290178439,0.06521796779957106
26163539100,1794,13,1742,1,3,0.9710144927536232,0.007246376811594203,5.574136008918618e-4,0.0016722408026755853,Detroit,40806,3434,506977,39349,603346,0.06763283422778969,0.005691593215170068,0.8402757290178439,0.06521796779957106
26163539300,3694,27,3562,5,39,0.9642663779101245,0.007309149972929074,0.0013535462912831618,0.010557661072008662,Detroit,40806,3434,506977,39349,603346,0.06763283422778969,0.005691593215170068,0.8402757290178439,0.06521796779957106
26163539400,3479,19,3389,1,16,0.9741304972693303,0.0054613394653636104,2.874389192296637e-4,0.004599022707674619,Detroit,40806,3434,506977,39349,603346,0.06763283422778969,0.005691593215170068,0.8402757290178439,0.06521796779957106
26163539500,2963,26,2855,7,25,0.9635504556193047,0.008774890313871077,0.002362470469119136,0.008437394532568343,Detroit,40806,3434,506977,39349,603346,0.06763283422778969,0.005691593215170068,0.8402757290178439,0.06521796779957106
26163539600,3310,35,3196,4,17,0.965558912386707,0.010574018126888218,0.0012084592145015106,0.00513595166163142,Detroit,40806,3434,506977,39349,603346,0.06763283422778969,0.005691593215170068,0.8402757290178439,0.06521796779957106
26163539700,1891,20,1817,4,14,0.960867265996827,0.010576414595452142,0.0021152829190904283,0.007403490216816499,Detroit,40806,3434,506977,39349,603346,0.06763283422778969,0.005691593215170068,0.8402757290178439,0.06521796779957106
26163540100,3300,47,3153,1,30,0.9554545454545454,0.014242424242424242,3.0303030303030303e-4,0.00909090909090909,Detroit,40806,3434,506977,39349,603346,0.06763283422778969,0.005691593215170068,0.8402757290178439,0.06521796779957106
26163540200,3771,40,3611,5,24,0.9575709360912225,0.010607265977194379,0.0013259082471492973,0.006364359586316627,Detroit,40806,3434,506977,39349,603346,0.06763283422778969,0.005691593215170068,0.8402757290178439,0.06521796779957106
26163540300,3823,33,3724,1,22,0.9741041067224693,0.008631964425843578,2.615746795710175e-4,0.005754642950562386,Detroit,40806,3434,506977,39349,603346,0.06763283422778969,0.005691593215170068,0.8402757290178439,0.06521796779957106
26163540400,2569,44,2453,10,15,0.9548462436745816,0.017127286882055275,0.003892565200467108,0.0058388478007006615,Detroit,40806,3434,506977,39349,603346,0.06763283422778969,0.005691593215170068,0.8402757290178439,0.06521796779957106
26163540500,3296,70,3154,4,25,0.9569174757281553,0.021237864077669904,0.0012135922330097086,0.00758495145631068,Detroit,40806,3434,506977,39349,603346,0.06763283422778969,0.005691593215170068,0.8402757290178439,0.06521796779957106
26163540600,3301,44,3165,1,19,0.9588003635262042,0.013329294153286883,3.029385034837928e-4,0.005755831566192063,Detroit,40806,3434,506977,39349,603346,0.06763283422778969,0.005691593215170068,0.8402757290178439,0.06521796779957106
26163540700,3346,54,3210,5,17,0.9593544530783025,0.016138673042438732,0.0014943215780035865,0.005080693365212194,Detroit,40806,3434,506977,39349,603346,0.06763283422778969,0.005691593215170068,0.8402757290178439,0.06521796779957106
26163540800,2174,38,2081,2,19,0.9572217111315547,0.017479300827966882,9.199632014719411e-4,0.008739650413983441,Detroit,40806,3434,506977,39349,603346,0.06763283422778969,0.005691593215170068,0.8402757290178439,0.06521796779957106
26163541000,3634,69,3467,1,33,0.9540451293340672,0.0189873417721519,2.75178866263071e-4,0.009080902586681342,Detroit,40806,3434,506977,39349,603346,0.06763283422778969,0.005691593215170068,0.8402757290178439,0.06521796779957106
26163541100,3636,108,3432,3,15,0.9438943894389439,0.0297029702970297,8.250825082508251e-4,0.004125412541254125,Detroit,40806,3434,506977,39349,603346,0.06763283422778969,0.005691593215170068,0.8402757290178439,0.06521796779957106
26163541200,2424,132,2200,9,26,0.9075907590759076,0.054455445544554455,0.0037128712871287127,0.010726072607260726,Detroit,40806,3434,506977,39349,603346,0.06763283422778969,0.005691593215170068,0.8402757290178439,0.06521796779957106
26163541300,2429,589,1701,17,53,0.7002881844380403,0.24248662000823384,0.00699876492383697,0.02181967888019761,Detroit,40806,3434,506977,39349,603346,0.06763283422778969,0.005691593215170068,0.8402757290178439,0.06521796779957106
26163541400,2634,353,2177,10,33,0.8264996203492787,0.1340167046317388,0.0037965072133637054,0.012528473804100227,Detroit,40806,3434,506977,39349,603346,0.06763283422778969,0.005691593215170068,0.8402757290178439,0.06521796779957106
26163541500,3476,92,3289,5,36,0.9462025316455697,0.026467203682393557,0.0014384349827387803,0.010356731875719217,Detroit,40806,3434,506977,39349,603346,0.06763283422778969,0.005691593215170068,0.8402757290178439,0.06521796779957106
26163541700,2132,51,2028,3,6,0.9512195121951219,0.023921200750469045,0.0014071294559099437,0.0028142589118198874,Detroit,40806,3434,506977,39349,603346,0.06763283422778969,0.005691593215170068,0.8402757290178439,0.06521796779957106
26163542100,4350,57,4181,2,30,0.9611494252873564,0.01310344827586207,4.597701149425287e-4,0.006896551724137931,Detroit,40806,3434,506977,39349,603346,0.06763283422778969,0.005691593215170068,0.8402757290178439,0.06521796779957106
26163542200,3781,55,3639,2,19,0.9624437979370537,0.014546416291986247,5.289605924358636e-4,0.005025125628140704,Detroit,40806,3434,506977,39349,603346,0.06763283422778969,0.005691593215170068,0.8402757290178439,0.06521796779957106
26163542300,2225,43,2135,4,16,0.9595505617977528,0.019325842696629212,0.0017977528089887641,0.0071910112359550565,Detroit,40806,3434,506977,39349,603346,0.06763283422778969,0.005691593215170068,0.8402757290178439,0.06521796779957106
26163542400,2622,31,2498,2,36,0.9527078565980168,0.011823035850495805,7.627765064836003e-4,0.013729977116704805,Detroit,40806,3434,506977,39349,603346,0.06763283422778969,0.005691593215170068,0.8402757290178439,0.06521796779957106
26163542500,2489,81,2326,1,31,0.9345118521494576,0.0325431900361591,4.017677782241864e-4,0.01245480112494978,Detroit,40806,3434,506977,39349,603346,0.06763283422778969,0.005691593215170068,0.8402757290178439,0.06521796779957106
26163542600,3130,13,3067,1,8,0.9798722044728434,0.004153354632587859,3.194888178913738e-4,0.0025559105431309905,Detroit,40806,3434,506977,39349,603346,0.06763283422778969,0.005691593215170068,0.8402757290178439,0.06521796779957106
26163542700,937,16,903,0,5,0.9637139807897546,0.017075773745997867,0,0.005336179295624333,Detroit,40806,3434,506977,39349,603346,0.06763283422778969,0.005691593215170068,0.8402757290178439,0.06521796779957106
26163542800,2531,60,2405,2,8,0.9502173054128803,0.023706045041485577,7.902015013828526e-4,0.0031608060055314103,Detroit,40806,3434,506977,39349,603346,0.06763283422778969,0.005691593215170068,0.8402757290178439,0.06521796779957106
26163542900,3377,208,3055,12,22,0.9046490968315073,0.061593129997038795,0.0035534498075214687,0.006514657980456026,Detroit,40806,3434,506977,39349,603346,0.06763283422778969,0.005691593215170068,0.8402757290178439,0.06521796779957106
26163543000,1814,171,1609,1,5,0.8869900771775082,0.09426681367144432,5.512679162072767e-4,0.0027563395810363835,Detroit,40806,3434,506977,39349,603346,0.06763283422778969,0.005691593215170068,0.8402757290178439,0.06521796779957106
26163543100,2406,177,2144,19,14,0.8911055694098088,0.07356608478802992,0.007896924355777223,0.005818786367414797,Detroit,40806,3434,506977,39349,603346,0.06763283422778969,0.005691593215170068,0.8402757290178439,0.06521796779957106
26163543200,2804,95,2615,3,35,0.9325962910128388,0.033880171184022825,0.0010699001426533524,0.012482168330955777,Detroit,40806,3434,506977,39349,603346,0.06763283422778969,0.005691593215170068,0.8402757290178439,0.06521796779957106
26163543400,3189,74,3021,5,43,0.9473189087488241,0.023204766384446535,0.0015678896205707118,0.013483850736908122,Detroit,40806,3434,506977,39349,603346,0.06763283422778969,0.005691593215170068,0.8402757290178439,0.06521796779957106
26163543500,1599,107,1406,4,34,0.8792995622263915,0.066916823014384,0.0025015634771732333,0.021263289555972485,Detroit,40806,3434,506977,39349,603346,0.06763283422778969,0.005691593215170068,0.8402757290178439,0.06521796779957106
26163543600,1676,257,1292,0,50,0.7708830548926014,0.15334128878281622,0,0.029832935560859187,Detroit,40806,3434,506977,39349,603346,0.06763283422778969,0.005691593215170068,0.8402757290178439,0.06521796779957106
26163543700,2649,155,2379,1,27,0.8980747451868629,0.058512646281615704,3.7750094375235937e-4,0.010192525481313703,Detroit,40806,3434,506977,39349,603346,0.06763283422778969,0.005691593215170068,0.8402757290178439,0.06521796779957106
26163543800,1093,185,828,7,29,0.757548032936871,0.16925892040256177,0.006404391582799634,0.026532479414455627,Detroit,40806,3434,506977,39349,603346,0.06763283422778969,0.005691593215170068,0.8402757290178439,0.06521796779957106
26163543900,901,141,720,0,24,0.7991120976692564,0.1564927857935627,0,0.026637069922308545,Detroit,40806,3434,506977,39349,603346,0.06763283422778969,0.005691593215170068,0.8402757290178439,0.06521796779957106
26163544200,2467,288,2090,15,14,0.8471828131333603,0.11674098094852046,0.006080259424402107,0.005674908796108634,Detroit,40806,3434,506977,39349,603346,0.06763283422778969,0.005691593215170068,0.8402757290178439,0.06521796779957106
26163544300,2549,743,1648,21,59,0.6465280502157709,0.29148685759121223,0.00823852491173009,0.02314633189486073,Detroit,40806,3434,506977,39349,603346,0.06763283422778969,0.005691593215170068,0.8402757290178439,0.06521796779957106
26163545100,1544,56,1444,0,17,0.93523316062176165,0.03626943005181347,0,0.011010362694300517,Detroit,40806,3434,506977,39349,603346,0.06763283422778969,0.005691593215170068,0.8402757290178439,0.06521796779957106
26163545200,3280,68,3115,11,24,0.9496951219512195,0.020731707317073172,0.003353658536585366,0.007317073170731708,Detroit,40806,3434,506977,39349,603346,0.06763283422778969,0.005691593215170068,0.8402757290178439,0.06521796779957106
26163545300,2162,31,2091,0,11,0.9671600370027752,0.014338575393154487,0,0.005087881591119334,Detroit,40806,3434,506977,39349,603346,0.06763283422778969,0.005691593215170068,0.8402757290178439,0.06521796779957106
26163545400,758,45,695,0,10,0.91688654353562,0.059366754617414245,0,0.013192612137203167,Detroit,40806,3434,506977,39349,603346,0.06763283422778969,0.005691593215170068,0.8402757290178439,0.06521796779957106
26163545600,4553,2449,1467,38,389,0.32220513946848234,0.5378871074017132,0.00834614539863826,0.08543817263342851,Detroit,40806,3434,506977,39349,603346,0.06763283422778969,0.005691593215170068,0.8402757290178439,0.06521796779957106
26163545800,4708,1505,2462,16,544,0.5229396771452847,0.31966864910790144,0.0033984706881903144,0.11554800339847068,Detroit,40806,3434,506977,39349,603346,0.06763283422778969,0.005691593215170068,0.8402757290178439,0.06521796779957106
26163545900,4038,744,2999,3,203,0.7426944031698861,0.18424962852897475,7.429420505200594e-4,0.05027241208519069,Detroit,40806,3434,506977,39349,603346,0.06763283422778969,0.005691593215170068,0.8402757290178439,0.06521796779957106
26163546000,3674,254,3266,2,84,0.8889493739793141,0.06913445835601524,5.443658138268917e-4,0.02286336418072945,Detroit,40806,3434,506977,39349,603346,0.06763283422778969,0.005691593215170068,0.8402757290178439,0.06521796779957106
26163546100,4185,437,3524,8,112,0.8420549581839905,0.10442054958183991,0.0019115890083632018,0.026762246117084828,Detroit,40806,3434,506977,39349,603346,0.06763283422778969,0.005691593215170068,0.8402757290178439,0.06521796779957106
26163546300,1655,184,1412,10,18,0.8531722054380665,0.11117824773413898,0.006042296072507553,0.010876132930513595,Detroit,40806,3434,506977,39349,603346,0.06763283422778969,0.005691593215170068,0.8402757290178439,0.06521796779957106
26163546400,1281,57,1173,1,23,0.9156908665105387,0.04449648711943794,7.8064012490242e-4,0.01795472287275566,Detroit,40806,3434,506977,39349,603346,0.06763283422778969,0.005691593215170068,0.8402757290178439,0.06521796779957106
26163546500,2357,81,2239,3,11,0.9499363597793806,0.034365719134493,0.0012728044123886295,0.004666949512091642,Detroit,40806,3434,506977,39349,603346,0.06763283422778969,0.005691593215170068,0.8402757290178439,0.06521796779957106
26163546600,2194,102,2016,2,22,0.918869644484959,0.04649042844120328,9.115770282588879e-4,0.010027347310847767,Detroit,40806,3434,506977,39349,603346,0.06763283422778969,0.005691593215170068,0.8402757290178439,0.06521796779957106
26163546700,3152,115,2926,0,37,0.9282994923857868,0.03648477157360406,0,0.011738578680203046,Detroit,40806,3434,506977,39349,603346,0.06763283422778969,0.005691593215170068,0.8402757290178439,0.06521796779957106
26163546800,3171,86,2976,5,32,0.9385052034058656,0.027120782087669507,0.001576789656259855,0.010091453800063072,Detroit,40806,3434,506977,39349,603346,0.06763283422778969,0.005691593215170068,0.8402757290178439,0.06521796779957106
26163546900,1198,22,1122,3,19,0.9365609348914858,0.018363939899833055,0.0025041736227045075,0.015859766277128547,Detroit,40806,3434,506977,39349,603346,0.06763283422778969,0.005691593215170068,0.8402757290178439,0.06521796779957106
26163985000,44,11,13,0,20,0.29545454545454547,0.25,0,0.45454545454545453,Detroit,40806,3434,506977,39349,603346,0.06763283422778969,0.005691593215170068,0.8402757290178439,0.06521796779957106
26163985200,1,0,1,0,0,1,0,0,0,Detroit,40806,3434,506977,39349,603346,0.06763283422778969,0.005691593215170068,0.8402757290178439,0.06521796779957106
26163985300,4,2,1,0,0,0.25,0.5,0,0,Detroit,40806,3434,506977,39349,603346,0.06763283422778969,0.005691593215170068,0.8402757290178439,0.06521796779957106
