GEOID,tpopr,nhwhite,nhblk,nhasn,hisp,pblk,pwht,pasn,phisp
06037101110,4731,2656,74,486,1324,0.0156415,0.56140350000000006,0.1027267,0.2798563
06037101122,3664,2437,26,495,575,0.0070961,0.6651201,0.1350983,0.1569323
06037101210,5990,2890,183,448,2219,0.0305509,0.4824708,0.0747913,0.3704508
06037101220,3363,1662,36,272,1272,0.0107047,0.4942016,0.0808802,0.3782337
06037101300,4199,3190,41,317,503,0.0097642,0.7597047,0.0754942,0.1197904
06037101400,3903,2649,45,337,721,0.0115296,0.6787087,0.0863438,0.1847297
06037102103,1740,1114,21,167,375,0.012069,0.6402299,0.095977,0.2155172
06037102104,3648,2437,86,470,533,0.0235746,0.6680373,0.1288377,0.1461075
06037102105,1731,413,15,139,1136,0.0086655,0.2385904,0.0803004,0.6562681
06037102107,3851,2310,102,278,1039,0.0264866,0.5998442,0.072189,0.2698001
06037103101,2670,1761,18,238,566,0.0067416,0.6595506,0.0891386,0.211985
06037103102,4751,2646,28,586,1351,0.0058935,0.5569354,0.1233425,0.2843612
06037103200,6150,3462,260,452,1786,0.0422764,0.5629268,0.0734959,0.2904065
06037103300,3819,2710,35,221,744,0.0091647,0.7096098,0.0578686,0.1948154
06037103400,6143,3786,88,494,1540,0.0143252,0.6163112,0.0804167,0.2506918
06037104103,4085,307,513,280,2918,0.1255814,0.075153,0.0685435,0.7143207
06037104105,5412,223,346,302,4472,0.063932,0.0412047,0.0558019,0.8263119
06037104108,5256,253,583,183,4169,0.1109209,0.0481355,0.0348174,0.7931887
06037104124,4175,1174,566,227,2122,0.1355689,0.2811976,0.0543713,0.5082635
06037104201,4780,50,387,6,4293,0.0809623,0.0104603,0.0012552,0.8981172
06037104203,5210,67,319,63,4708,0.0612284,0.0128599,0.0120921,0.9036468
06037104204,3375,344,250,269,2480,0.0740741,0.1019259,0.0797037,0.7348148
06037104310,4921,81,191,7,4624,0.0388132,0.0164601,0.0014225,0.9396464
06037104320,5998,67,349,82,5464,0.0581861,0.0111704,0.0136712,0.9109703
06037104401,3357,71,2,19,3248,5.958e-4,0.0211498,0.0056598,0.9675305
06037104403,3282,58,16,31,3159,0.0048751,0.0176722,0.0094455,0.9625229
06037104404,3236,57,32,15,3112,0.0098888,0.0176143,0.0046354,0.9616811
06037104500,3293,107,20,24,3137,0.0060735,0.0324932,0.0072882,0.9526268
06037104610,3672,50,13,12,3574,0.0035403,0.0136166,0.003268,0.9733115
06037104620,3539,72,9,12,3420,0.0025431,0.0203447,0.0033908,0.9663747
06037104701,4208,36,120,11,4018,0.0285171,0.0085551,0.0026141,0.9548479
06037104703,2397,69,43,6,2264,0.0179391,0.028786,0.0025031,0.944514
06037104704,4219,233,554,142,3238,0.1313107,0.0552264,0.0336573,0.7674804
06037104810,5328,158,28,105,4996,0.0052553,0.0296547,0.0197072,0.9376877
06037104821,3514,118,40,62,3269,0.011383,0.03358,0.0176437,0.9302789
06037104822,2277,75,24,162,1998,0.0105402,0.0329381,0.0711462,0.8774704
06037106010,3152,621,165,180,2115,0.0523477,0.1970178,0.0571066,0.6710025
06037106020,5557,903,127,187,4241,0.0228541,0.1624978,0.0336513,0.7631816
06037106111,4334,1194,198,309,2552,0.0456853,0.2754961,0.0712967,0.5888325
06037106112,5969,1007,215,540,4092,0.0360194,0.168705,0.0904674,0.685542
06037106113,3493,550,75,155,2670,0.0214715,0.1574578,0.0443745,0.7643859
06037106114,5880,439,213,133,4995,0.0362245,0.0746599,0.022619,0.8494898
06037106403,3825,296,44,51,3401,0.0115033,0.0773856,0.0133333,0.8891503
06037106405,3966,400,234,128,3165,0.0590015,0.1008573,0.0322743,0.7980333
06037106406,4962,934,130,301,3514,0.0261991,0.1882306,0.060661,0.7081822
06037106407,2933,410,189,67,2235,0.0644391,0.1397886,0.0228435,0.7620184
06037106408,3463,156,113,149,3005,0.0326307,0.0450476,0.0430263,0.8677447
06037106510,5108,1027,345,375,3261,0.0675411,0.2010572,0.0734143,0.6384103
06037106520,5837,662,66,70,4983,0.0113072,0.1134144,0.0119925,0.853692
06037106603,2979,1662,96,596,475,0.0322256,0.5579053,0.2000671,0.1594495
06037106604,5020,401,105,175,4288,0.0209163,0.0798805,0.0348606,0.8541833
06037106641,2317,1518,55,360,301,0.0237376,0.6551575,0.1553733,0.1299094
06037106642,3236,1897,113,408,722,0.0349197,0.5862176,0.1260816,0.223115
06037106643,4320,2706,127,782,582,0.0293981,0.6263889,0.1810185,0.1347222
06037106645,3389,2151,114,473,546,0.0336382,0.6347005,0.1395692,0.1611095
06037106646,3237,1371,114,548,1107,0.0352178,0.4235403,0.1692926,0.3419833
06037106648,3890,215,86,55,3478,0.022108,0.0552699,0.0141388,0.8940874
06037106649,2853,274,105,598,1824,0.0368034,0.0960393,0.2096039,0.639327
06037107010,3247,199,14,52,2970,0.0043117,0.0612873,0.0160148,0.9146905
06037107020,5404,303,56,343,4612,0.0103627,0.0560696,0.0634715,0.8534419
06037108101,2230,1351,71,507,209,0.0318386,0.6058296,0.2273543,0.093722
06037108102,3430,1880,63,1064,334,0.0183673,0.548105,0.3102041,0.0973761
06037108103,3256,1848,49,970,291,0.0150491,0.5675676,0.2979115,0.0893735
06037108104,1698,1066,47,365,172,0.0276796,0.6277974,0.2149588,0.1012956
06037108201,5551,2310,115,2499,406,0.020717,0.4161412,0.4501892,0.07314
06037108202,4895,1967,194,2023,525,0.0396323,0.4018386,0.4132789,0.1072523
06037109100,2492,728,67,231,1430,0.026886,0.29213479999999997,0.0926966,0.5738363
06037109200,2669,1006,94,486,1005,0.0352192,0.3769202,0.1820907,0.3765455
06037109300,3085,1010,125,511,1352,0.0405186,0.3273906,0.1656402,0.4382496
06037109400,3720,519,89,231,2790,0.0239247,0.1395161,0.0620968,0.75
06037109500,4303,134,40,105,3983,0.0092958,0.0311411,0.0244016,0.9256333
06037109601,5020,753,148,508,3516,0.0294821,0.15,0.1011952,0.7003984
06037109603,4252,761,191,459,2761,0.04492,0.1789746,0.1079492,0.6493415
06037109604,2975,708,116,286,1800,0.0389916,0.2379832,0.0961345,0.605042
06037109700,4493,1585,122,752,1890,0.0271533,0.352771,0.1673715,0.4206544
06037109800,4565,1518,135,671,2110,0.0295728,0.3325301,0.146988,0.4622125
06037111100,2982,1171,103,456,1170,0.0345406,0.3926895,0.1529175,0.3923541
06037111201,3410,1703,92,498,995,0.0269795,0.4994135,0.1460411,0.2917889
06037111202,5213,2617,147,843,1421,0.0281987,0.5020142,0.1617111,0.2725878
06037111204,5859,3443,224,1154,871,0.0382318,0.5876429,0.1969619,0.1486602
06037111205,3375,1397,154,1096,610,0.0456296,0.4139259,0.3247407,0.1807407
06037111206,4490,2556,133,730,931,0.0296214,0.569265,0.1625835,0.2073497
06037111301,7087,2663,389,1627,2080,0.0548892,0.3757584,0.2295753,0.2934951
06037111302,4786,2402,278,905,1023,0.0580861,0.5018805,0.1890932,0.2137484
06037111400,7560,3122,252,1533,2427,0.0333333,0.412963,0.2027778,0.3210317
06037113101,3558,2150,110,437,731,0.0309162,0.6042721,0.1228218,0.2054525
06037113102,2828,1888,93,388,369,0.0328854,0.6676096,0.1371994,0.1304809
06037113211,3787,2628,103,458,466,0.0271983,0.693953,0.1209401,0.1230525
06037113212,3069,1569,151,528,712,0.0492017,0.5112414,0.172043,0.2319974
06037113213,4316,2040,187,881,1035,0.0433272,0.4726599,0.2041242,0.2398054
06037113231,2125,1496,79,223,239,0.0371765,0.704,0.1049412,0.1124706
06037113232,3894,2380,155,522,692,0.0398048,0.6111967,0.1340524,0.1777093
06037113233,6655,1608,459,791,3622,0.0689707,0.2416228,0.118858,0.5442524
06037113234,4667,1113,160,724,2565,0.0342833,0.238483,0.1551318,0.5496036
06037113237,3661,2081,191,653,588,0.0521715,0.5684239,0.1783666,0.1606119
06037113301,2201,1263,88,346,431,0.0399818,0.5738301,0.1572013,0.1958201
06037113303,4006,2019,132,574,1167,0.0329506,0.503994,0.1432851,0.291313
06037113321,5473,2091,299,1092,1804,0.0546318,0.3820574,0.1995249,0.3296181
06037113322,3947,2164,146,741,760,0.0369901,0.5482645,0.1877375,0.1925513
06037113401,5543,2002,200,949,2232,0.0360815,0.3611763,0.1712069,0.40267
06037113421,6109,1414,533,796,3176,0.0872483,0.2314618,0.1302996,0.5198887
06037113422,6057,1912,339,1061,2556,0.0559683,0.3156678,0.1751692,0.4219911
06037115101,5046,3272,195,531,899,0.0386445,0.6484344,0.1052319,0.1781609
06037115103,2776,744,672,341,879,0.2420749,0.2680115,0.1228386,0.3166427
06037115104,4444,1916,360,964,1003,0.0810081,0.4311431,0.2169217,0.2256976
06037115201,6437,2584,405,1559,1590,0.0629175,0.4014292,0.2421936,0.2470095
06037115202,4828,1767,305,951,1602,0.0631732,0.3659901,0.196976,0.3318144
06037115301,4156,2312,184,777,729,0.0442733,0.5563041,0.1869586,0.175409
06037115302,4351,470,69,301,3455,0.0158584,0.1080211,0.0691795,0.7940703
06037115401,5776,1928,303,700,2667,0.0524584,0.333795,0.1211911,0.4617382
06037115403,3188,688,127,458,1829,0.0398369,0.2158093,0.1436637,0.5737139
06037115404,2913,708,208,410,1496,0.0714041,0.2430484,0.1407484,0.5135599
06037117101,4796,494,251,1769,2186,0.0523353,0.1030025,0.368849,0.4557965
06037117102,2631,571,111,351,1544,0.0421893,0.2170277,0.1334094,0.5868491
06037117201,4352,580,223,543,2875,0.0512408,0.1332721,0.1247702,0.6606158
06037117202,2471,766,110,621,911,0.0445164,0.309996,0.2513153,0.3686766
06037117301,3851,1741,194,549,1252,0.0503765,0.4520904,0.1425604,0.3251104
06037117302,4914,2458,219,746,1335,0.0445665,0.5002035,0.1518112,0.2716728
06037117303,3512,1399,106,553,1376,0.0301822,0.3983485,0.1574601,0.3917995
06037117404,4279,1561,209,704,1670,0.0488432,0.3648049,0.1645244,0.3902781
06037117405,3442,115,123,54,3119,0.035735,0.0334108,0.0156886,0.9061592
06037117407,3636,60,85,85,3377,0.0233773,0.0165017,0.0233773,0.9287679
06037117408,2830,200,131,120,2335,0.0462898,0.0706714,0.0424028,0.8250883
06037117510,4028,178,139,311,3359,0.0345084,0.0441907,0.0772095,0.8339126
06037117520,4052,154,166,197,3484,0.0409674,0.0380059,0.048618,0.8598223
06037117530,5641,288,173,870,4232,0.0306683,0.0510548,0.154228,0.7502216
06037119001,4038,392,31,680,2846,0.0076771,0.0970778,0.1684002,0.7048044
06037119002,7210,383,35,482,6234,0.0048544,0.0531207,0.0668516,0.8646325
06037119201,4137,266,47,216,3574,0.0113609,0.0642978,0.0522117,0.863911
06037119202,4707,237,69,177,4189,0.014659,0.0503505,0.0376036,0.8899511
06037119310,3871,425,163,559,2668,0.042108,0.1097908,0.1444071,0.6892276
06037119320,4694,317,204,830,3268,0.0434597,0.067533,0.1768215,0.6962079
06037119340,3884,86,77,50,3654,0.0198249,0.0221421,0.0128733,0.9407827
06037119341,2719,262,94,817,1484,0.0345715,0.096359,0.3004781,0.5457889
06037119342,3180,151,112,318,2551,0.0352201,0.0474843,0.1,0.8022013
06037119400,4987,385,64,376,4079,0.0128334,0.0772007,0.075396,0.8179266
06037119700,5045,1352,75,1122,2392,0.0148662,0.2679881,0.2223984,0.4741328
06037119800,6108,545,62,673,4776,0.0101506,0.0892272,0.1101834,0.7819253
06037119900,4940,577,65,1049,3164,0.0131579,0.1168016,0.2123482,0.6404858
06037120010,2844,218,59,274,2216,0.0207454,0.0766526,0.0963432,0.7791842
06037120020,4057,203,84,615,3100,0.020705,0.050037,0.1515898,0.7641114
06037120030,2675,73,8,99,2483,0.0029907000000000002,0.0272897,0.0370093,0.9282243
06037120103,3287,74,95,77,3021,0.0289017,0.0225129,0.0234256,0.9190751
06037120104,2310,184,126,358,1599,0.0545455,0.0796537,0.1549784,0.6922078
06037120105,2812,280,52,403,2043,0.0184922,0.0995733,0.1433144,0.7265292
06037120106,4417,206,93,624,3427,0.021055,0.046638,0.1412724,0.775866
06037120107,3818,203,78,202,3276,0.0204295,0.0531692,0.0529073,0.8580409
06037120108,4838,301,183,310,3976,0.0378255,0.0622158,0.0640761,0.8218272
06037120300,5531,898,86,1075,3381,0.0155487,0.1623576,0.1943591,0.6112819
06037120400,6272,1110,176,1283,3556,0.0280612,0.176977,0.2045599,0.5669643
06037121010,4989,1203,49,523,3125,0.0098216,0.2411305,0.1048306,0.626378
06037121020,3741,1002,59,369,2231,0.0157712,0.2678428,0.0986367,0.5963646
06037121101,2932,504,58,284,2040,0.0197817,0.1718963,0.0968622,0.6957708
06037121102,2721,926,24,151,1574,0.0088203,0.3403161,0.0554943,0.5784638
06037121210,3122,343,33,497,2208,0.0105701,0.1098655,0.1591928,0.7072389
06037121221,2365,183,28,142,1969,0.0118393,0.0773784,0.0600423,0.8325581
06037121222,5293,342,165,231,4500,0.0311732,0.0646136,0.0436425,0.8501795
06037121600,3005,1107,54,668,1084,0.01797,0.368386,0.2222962,0.3607321
06037121801,3942,521,141,216,2990,0.0357686,0.1321664,0.0547945,0.7584982
06037121802,3525,611,196,279,2385,0.0556028,0.1733333,0.0791489,0.6765957
06037121900,4110,535,38,232,3239,0.0092457,0.1301703,0.0564477,0.7880779
06037122000,5446,2258,66,987,1987,0.012119,0.4146162,0.1812339,0.3648549
06037122120,5e3,365,34,243,4305,0.0068,0.073,0.0486,0.861
06037122121,2833,283,37,232,2248,0.0130604,0.0998941,0.081892,0.7935051
06037122122,2439,307,108,41,1959,0.0442804,0.1258713,0.0168102,0.803198
06037122200,4141,370,28,128,3577,0.0067617,0.0893504,0.0309104,0.863801
06037122410,3794,289,174,126,3157,0.0458619,0.0761729,0.0332103,0.8321033
06037122420,5050,469,158,322,4037,0.0312871,0.0928713,0.0637624,0.7994059
06037123010,4580,236,43,76,4142,0.0093886,0.0515284,0.0165939,0.9043668
06037123020,3432,219,20,144,3019,0.0058275,0.0638112,0.041958,0.879662
06037123103,4165,1056,116,296,2586,0.0278511,0.2535414,0.0710684,0.6208884
06037123104,4596,1131,160,247,2924,0.0348129,0.2460836,0.0537424,0.6362054
06037123203,3765,349,149,125,3080,0.039575,0.0926959,0.0332005,0.8180611
06037123204,3449,466,136,112,2678,0.0394317,0.1351116,0.0324732,0.7764569
06037123205,2645,285,62,71,2194,0.0234405,0.1077505,0.0268431,0.8294896
06037123206,2945,255,70,94,2504,0.0237691,0.0865874,0.0319185,0.8502547
06037123301,4559,1032,216,1140,2077,0.0473788,0.2263654,0.2500548,0.4555824
06037123303,3301,876,98,258,1988,0.029688,0.2653741,0.0781581,0.6022417
06037123304,4687,1839,152,202,2381,0.0324301,0.3923619,0.0430979,0.5080009
06037123410,4247,1350,123,248,2428,0.0289616,0.3178714,0.0583942,0.5716977
06037123420,4638,1521,92,288,2641,0.0198361,0.3279431,0.0620957,0.5694265
06037123510,4753,1763,135,370,2371,0.0284031,0.3709236,0.0778456,0.4988428
06037123520,2567,979,66,120,1326,0.0257109,0.381379,0.0467472,0.5165563
06037123601,4995,2760,203,237,1664,0.0406406,0.5525526,0.0474474,0.3331331
06037123602,3332,1662,100,211,1266,0.030012,0.4987995,0.0633253,0.379952
06037123700,4114,2332,127,317,1212,0.0308702,0.5668449,0.077054,0.2946038
06037123800,5531,3339,244,269,1494,0.044115,0.6036883,0.048635,0.2701139
06037123901,4500,1498,191,242,2461,0.0424444,0.3328889,0.0537778,0.5468889
06037123902,2561,1314,124,275,758,0.0484186,0.5130808,0.1073799,0.2959781
06037124000,4550,3480,159,200,552,0.0349451,0.7648352,0.043956,0.1213187
06037124102,3549,1123,200,223,1889,0.0563539,0.3164272,0.0628346,0.5322626
06037124103,2030,371,37,69,1523,0.0182266,0.1827586,0.0339901,0.7502463
06037124104,2439,661,163,82,1471,0.0668307,0.2710127,0.0336203,0.603116
06037124105,2658,777,108,106,1602,0.0406321,0.2923251,0.0398796,0.6027088
06037124201,3506,1073,85,240,2029,0.0242442,0.3060468,0.0684541,0.5787222
06037124203,2748,445,67,101,2080,0.0243814,0.161936,0.036754,0.7569141
06037124204,3071,712,143,163,1963,0.0465646,0.2318463,0.0530772,0.6392055
06037124300,4046,891,101,176,2816,0.0249629,0.2202175,0.0434998,0.695996
06037124400,4192,2981,138,144,820,0.0329198,0.7111164,0.0343511,0.1956107
06037124500,2779,1772,98,182,624,0.0352645,0.6376394,0.0654912,0.2245412
06037124600,3123,2154,135,239,484,0.0432277,0.6897214,0.076529,0.1549792
06037124700,4796,3516,237,287,611,0.0494162,0.7331109,0.0598415,0.1273978
06037124902,2766,1598,181,200,679,0.0654375,0.5777296,0.0723066,0.2454808
06037124903,3262,2096,204,144,668,0.0625383,0.6425506,0.0441447,0.2047823
06037125100,5431,3496,367,306,1056,0.067575,0.643712,0.0563432,0.1944393
06037125200,3524,1922,179,215,1057,0.0507946,0.545403,0.0610102,0.2999432
06037125310,4750,1723,381,248,2255,0.0802105,0.3627368,0.0522105,0.4747368
06037125320,4843,1863,482,517,1761,0.0995251,0.3846789,0.106752,0.3636176
06037125401,4024,1878,577,285,1101,0.1433897,0.4666998,0.070825,0.2736083
06037125402,3544,2123,336,232,710,0.0948081,0.5990406,0.0654628,0.2003386
06037125501,3077,1653,221,214,898,0.0718232,0.5372116,0.0695483,0.2918427
06037125502,3083,1952,244,253,493,0.0791437,0.6331495,0.0820629,0.1599092
06037125600,2657,1901,113,167,363,0.0425292,0.7154686,0.0628528,0.1366202
06037127102,4726,1026,271,412,2925,0.0573424,0.2170969,0.0871773,0.6189166
06037127103,2939,762,153,152,1812,0.0520585,0.2592719,0.0517183,0.6165362
06037127104,3573,1156,165,281,1875,0.0461797,0.3235376,0.0786454,0.5247691
06037127210,5531,1104,340,570,3411,0.0614717,0.1996022,0.1030555,0.6167058
06037127220,4931,946,239,511,3145,0.0484689,0.1918475,0.1036301,0.6378017
06037127300,4460,1329,351,437,2184,0.0786996,0.2979821,0.0979821,0.4896861
06037127400,5818,892,289,275,4259,0.0496734,0.1533173,0.0472671,0.7320385
06037127520,4045,251,122,263,3318,0.0301607,0.0620519,0.0650185,0.8202719
06037127603,2938,411,125,168,2190,0.0425459,0.1398911,0.0571818,0.745405
06037127604,2939,817,201,269,1562,0.0683906,0.2779857,0.0915277,0.5314733
06037127605,3549,504,208,206,2579,0.0586081,0.1420118,0.0580445,0.7266836
06037127606,3164,766,168,224,1925,0.0530973,0.2420986,0.0707965,0.6084071
06037127711,3356,1059,147,210,1854,0.0438021,0.3155542,0.0625745,0.5524434
06037127712,2991,737,182,224,1785,0.0608492,0.2464059,0.0748913,0.5967904
06037127803,4037,854,144,314,2633,0.0356701,0.2115432,0.0777805,0.652217
06037127804,3933,1103,269,451,2001,0.0683956,0.2804475,0.1146707,0.5087719
06037127805,3768,1042,162,224,2274,0.0429936,0.2765393,0.059448,0.6035032
06037127806,3447,810,199,264,2096,0.0577314,0.2349869,0.0765883,0.608065
06037127910,4769,964,238,247,3201,0.0499056,0.2021388,0.0517928,0.6712099
06037127920,4100,1385,113,243,2237,0.027561,0.3378049,0.0592683,0.5456098
06037128101,3738,1571,119,171,1775,0.0318352,0.4202782,0.0457464,0.4748529
06037128102,4795,871,277,288,3265,0.0577685,0.1816475,0.0600626,0.6809176
06037128210,4822,533,213,182,3814,0.0441725,0.110535,0.0377437,0.7909581
06037128220,3011,1353,124,136,1340,0.0411823,0.4493524,0.0451677,0.4450349
06037128302,4688,610,183,169,3648,0.0390358,0.1301195,0.0360495,0.778157
06037128303,3982,289,106,134,3402,0.0266198,0.0725766,0.0336514,0.8543446
06037128400,4114,2076,167,246,1489,0.0405931,0.5046184,0.0597958,0.3619349
06037128500,4015,2637,247,304,688,0.0615193,0.656787,0.0757161,0.1713574
06037128601,4288,1732,192,151,2082,0.0447761,0.4039179,0.0352146,0.485541
06037128602,3189,2235,116,171,562,0.036375,0.7008467,0.0536218,0.1762308
06037128702,5639,3951,341,388,760,0.0604717,0.7006561,0.0688065,0.1347757
06037128801,3307,2002,321,333,489,0.0970668,0.6053825,0.1006955,0.1478682
06037128802,4325,2718,264,380,797,0.0610405,0.6284393,0.0878613,0.1842775
06037128910,4083,2666,287,325,581,0.0702915,0.6529513,0.0795983,0.1422973
06037131010,6409,1361,266,983,3570,0.0415041,0.2123576,0.1533781,0.5570292
06037131020,5698,1215,152,626,3585,0.026676,0.2132327,0.1098631,0.6291681
06037131100,3252,1391,129,257,1387,0.0396679,0.4277368,0.0790283,0.4265068
06037131200,3429,1500,117,398,1246,0.0341207,0.4374453,0.1160688,0.3633712
06037131300,4902,1023,100,609,3059,0.0203998,0.2086903,0.124235,0.624031
06037131400,5897,1672,356,924,2767,0.0603697,0.283534,0.1566898,0.4692216
06037131600,5494,1587,138,650,2993,0.0251183,0.2888606,0.1183109,0.5447761
06037131701,4541,1399,298,959,1728,0.0656243,0.3080819,0.211187,0.3805329
06037131702,3751,1019,197,473,1993,0.0525193,0.2716609,0.1260997,0.531325
06037131800,5341,1267,137,776,3027,0.0256506,0.2372215,0.1452911,0.5667478
06037131900,4210,1549,124,378,2046,0.0294537,0.3679335,0.0897862,0.4859857
06037132001,3202,1666,108,243,1067,0.0337289,0.5202998,0.0758901,0.3332292
06037132002,3299,1566,85,254,1305,0.0257654,0.4746893,0.076993,0.3955744
06037132101,4259,1341,282,357,2148,0.0662127,0.3148626,0.0838225,0.5043437
06037132102,5310,1859,246,568,2474,0.0463277,0.3500942,0.106968,0.4659134
06037132300,6494,1666,190,763,3561,0.0292578,0.2565445,0.1174931,0.5483523
06037132501,3763,1363,114,408,1798,0.030295,0.362211,0.1084241,0.4778103
06037132502,3672,1598,126,345,1470,0.0343137,0.4351852,0.0939542,0.4003268
06037132700,4912,1429,128,290,2949,0.0260586,0.2909202,0.0590391,0.6003664
06037132900,3461,2147,101,277,766,0.0291823,0.6203409,0.0800347,0.2213233
06037133000,4449,1215,138,511,2489,0.0310182,0.2730951,0.1148573,0.5594516
06037133100,5446,2748,199,472,1804,0.0365406,0.5045905,0.0866691,0.3312523
06037134001,3765,334,101,442,2840,0.026826,0.0887118,0.1173971,0.7543161
06037134002,3372,615,103,513,2057,0.0305457,0.1823843,0.1521352,0.6100237
06037134101,4922,1299,179,1264,2021,0.0363673,0.2639171,0.2568062,0.4106054
06037134103,4193,1404,195,744,1760,0.0465061,0.3348438,0.1774386,0.4197472
06037134104,4322,856,258,1216,1856,0.0596946,0.1980565,0.2813512,0.4294308
06037134201,4270,1180,105,570,2328,0.0245902,0.2763466,0.1334895,0.5451991
06037134302,3732,2031,110,565,850,0.0294748,0.5442122,0.1513934,0.2277599
06037134303,5057,2146,150,784,1786,0.0296619,0.4243623,0.1550326,0.3531738
06037134304,2882,1326,117,534,817,0.0405968,0.4600972,0.185288,0.2834837
06037134305,3847,329,102,388,2985,0.0265142,0.0855212,0.1008578,0.7759293
06037134306,3498,931,286,608,1555,0.081761,0.2661521,0.1738136,0.4445397
06037134421,3941,2902,67,465,330,0.0170008,0.7363613,0.1179904,0.0837351
06037134422,4684,2891,162,746,748,0.0345858,0.6172075,0.1592656,0.1596926
06037134423,3414,2301,86,489,419,0.0251904,0.6739895,0.1432337,0.1227299
06037134424,2887,2063,48,476,194,0.0166263,0.7145826,0.164877,0.0671978
06037134520,5453,795,151,418,3968,0.0276912,0.1457913,0.0766551,0.7276728
06037134521,3126,162,25,87,2821,0.0079974,0.0518234,0.0278311,0.9024312
06037134522,3954,613,196,285,2768,0.0495701,0.1550329,0.0720789,0.7000506
06037134710,5287,739,169,617,3646,0.0319652,0.1397768,0.1167013,0.689616
06037134720,4594,1276,288,797,2066,0.0626905,0.2777536,0.1734872,0.449717
06037134800,5949,1991,219,764,2781,0.0368129,0.3346781,0.1284249,0.4674735
06037134901,3069,1799,132,231,775,0.0430108,0.5861844,0.0752688,0.2525253
06037134903,4216,1287,354,756,1653,0.0839658,0.3052657,0.1793169,0.3920778
06037134904,4338,1281,179,404,2363,0.0412633,0.2952974,0.0931305,0.5447211
06037134905,2819,1726,244,352,355,0.0865555,0.6122739,0.124867,0.1259312
06037135102,3513,2260,119,367,615,0.0338742,0.6433248,0.1044691,0.175064
06037135111,2967,1731,122,296,691,0.041119,0.5834176,0.0997641,0.2328952
06037135113,2795,1467,263,523,379,0.0940966,0.5248658,0.1871199,0.1355993
06037135114,4445,2274,225,1186,563,0.0506187,0.5115861,0.2668166,0.1266592
06037135201,2620,1780,83,291,379,0.0316794,0.6793893,0.1110687,0.1446565
06037135202,4255,2854,121,461,658,0.0284371,0.6707403,0.1083431,0.1546416
06037135203,7055,4959,139,836,847,0.0197023,0.7029057,0.1184975,0.1200567
06037137103,4199,2580,242,668,492,0.0576328,0.614432,0.1590855,0.1171708
06037137104,2717,2095,77,143,246,0.0283401,0.771071,0.0526316,0.090541
06037137201,5270,3372,280,647,720,0.0531309,0.6398482,0.1227704,0.1366224
06037137301,2264,1788,62,178,170,0.0273852,0.7897527,0.0786219,0.0750883
06037137302,4338,3404,78,330,336,0.0179806,0.7846934,0.0760719,0.077455
06037137401,4157,3210,112,225,411,0.0269425,0.7721915,0.0541256,0.0988694
06037137402,5364,4096,250,329,414,0.046607,0.7636092,0.0613348,0.0771812
06037137501,4124,2789,218,360,535,0.0528613,0.6762852,0.0872939,0.1297284
06037137502,4202,3162,175,236,417,0.0416468,0.7524988,0.0561637,0.0992385
06037137504,1939,1610,58,94,83,0.0299123,0.8303249,0.0484786,0.0428056
06037138000,4484,3604,106,253,350,0.0236396,0.8037467,0.0564228,0.0780553
06037139001,4767,3149,217,310,851,0.0455213,0.6605832,0.0650304,0.178519
06037139200,5175,3393,237,381,912,0.0457971,0.6556522,0.0736232,0.1762319
06037139301,4462,3397,160,296,426,0.0358584,0.7613178,0.066338,0.0954729
06037139302,4422,2185,409,408,1197,0.0924921,0.4941203,0.0922659,0.270692
06037139303,4186,2251,271,302,1120,0.0647396,0.5377449,0.0721452,0.2675585
06037139401,2645,1586,129,181,582,0.0487713,0.5996219,0.068431,0.2200378
06037139402,2851,2413,38,120,148,0.0133287,0.8463697,0.0420905,0.0519116
06037139502,3007,2325,46,152,259,0.0152976,0.7731959,0.0505487,0.0861324
06037139503,4657,3420,173,259,537,0.0371484,0.7343784,0.0556152,0.1153103
06037139504,3476,2653,125,147,343,0.0359609,0.7632336,0.04229,0.0986766
06037139600,4633,3594,170,294,393,0.0366933,0.7757393,0.0634578,0.0848262
06037139701,4920,4091,91,287,319,0.0184959,0.8315041,0.0583333,0.0648374
06037139702,6250,5361,83,275,272,0.01328,0.85776,0.044,0.04352
06037139703,2943,2477,49,148,129,0.0166497,0.8416582,0.0502888,0.0438328
06037139801,3539,3099,45,147,126,0.0127155,0.8756711,0.0415372,0.0356033
06037139802,3865,3225,85,231,178,0.0219922,0.8344114,0.0597671,0.0460543
06037141101,4066,2891,197,300,490,0.0484506,0.7110182,0.0737826,0.1205116
06037141102,2869,2135,142,169,325,0.0494946,0.7441617,0.0589055,0.1132799
06037141201,3707,2497,249,237,593,0.0671702,0.6735905,0.0639331,0.1599676
06037141202,2800,2181,107,144,253,0.0382143,0.7789286,0.0514286,0.0903571
06037141302,5504,3880,302,457,646,0.0548692,0.7049419,0.0830305,0.1173692
06037141303,3089,2161,172,237,411,0.0556815,0.6995792,0.0767239,0.1330528
06037141304,2738,2100,112,170,236,0.0409058,0.7669832,0.0620891,0.0861943
06037141400,4412,3459,148,253,411,0.0335449,0.7839982,0.0573436,0.093155
06037141500,2984,2520,42,163,160,0.0140751,0.844504,0.0546247,0.0536193
06037141600,4029,3379,88,231,219,0.0218416,0.8386696,0.0573343,0.0543559
06037141700,3091,2573,72,176,156,0.0232934,0.8324167,0.0569395,0.0504691
06037143100,3984,2988,168,225,490,0.0421687,0.75,0.0564759,0.122992
06037143200,3743,2285,294,301,705,0.0785466,0.6104729,0.0804168,0.1883516
06037143300,5871,4117,256,356,927,0.0436042,0.7012434,0.060637,0.1578947
06037143400,5881,4533,220,306,596,0.0374086,0.7707873,0.052032,0.1013433
06037143500,4708,3723,164,281,383,0.0348343,0.7907816,0.0596856,0.0813509
06037143602,4260,3291,173,300,348,0.0406103,0.7725352,0.0704225,0.0816901
06037143603,2222,1593,108,157,277,0.0486049,0.7169217,0.0706571,0.1246625
06037143604,3205,1964,294,372,413,0.0917317,0.6127925,0.1160686,0.1288612
06037143700,3748,2927,156,264,265,0.0416222,0.7809498,0.0704376,0.0707044
06037143800,4878,3856,181,311,355,0.0371054,0.7904879,0.0637556,0.0727757
06037143901,4068,3375,66,234,244,0.0162242,0.829646,0.0575221,0.0599803
06037143902,3e3,2438,97,158,218,0.0323333,0.8126667,0.0526667,0.0726667
06037181000,6144,2565,93,1583,1695,0.0151367,0.4174805,0.2576497,0.2758789
06037181300,3629,1146,80,1085,1209,0.0220446,0.3157895,0.2989804,0.3331496
06037181400,4302,1262,100,1278,1536,0.023245,0.2933519,0.2970711,0.3570432
06037181500,3812,1198,53,812,1607,0.0139035,0.3142707,0.2130115,0.4215635
06037181600,4352,1582,87,880,1591,0.0199908,0.363511,0.2022059,0.365579
06037183101,3922,817,71,329,2607,0.018103,0.2083121,0.0838858,0.6647119
06037183103,3967,452,112,408,2897,0.0282329,0.11394,0.1028485,0.7302748
06037183104,2065,465,54,409,1079,0.0261501,0.2251816,0.198063,0.5225182
06037183220,4114,356,57,567,3072,0.0138551,0.0865338,0.1378221,0.7467185
06037183221,3118,654,83,260,2062,0.0266196,0.2097498,0.0833868,0.6613214
06037183222,3483,924,102,626,1712,0.0292851,0.2652885,0.1797301,0.4915303
06037183300,3480,304,16,602,2504,0.0045977,0.0873563,0.1729885,0.7195402
06037183401,2543,398,34,486,1565,0.01337,0.1565081,0.1911129,0.6154149
06037183402,2820,505,46,892,1326,0.0163121,0.179078,0.3163121,0.4702128
06037183510,2725,303,18,235,2131,0.0066055,0.1111927,0.0862385,0.7820183
06037183520,3881,340,50,137,3314,0.0128833,0.0876063,0.0353002,0.8539036
06037183610,3275,270,65,237,2641,0.0198473,0.0824427,0.0723664,0.8064122
06037183620,3264,404,37,355,2409,0.0113358,0.1237745,0.1087623,0.7380515
06037183701,3922,321,106,178,3260,0.027027,0.081846,0.045385,0.8312086
06037183702,2805,454,113,557,1620,0.0402852,0.1618538,0.198574,0.5775401
06037183810,4369,276,53,155,3825,0.0121309,0.0631724,0.0354772,0.8754864
06037183820,3464,178,55,146,3053,0.0158776,0.0513857,0.0421478,0.881351
06037185100,6295,1992,165,619,3340,0.0262113,0.3164416,0.098332,0.5305798
06037185202,3712,889,113,250,2377,0.0304418,0.2394935,0.0673491,0.6403556
06037185203,3200,237,42,184,2712,0.013125,0.0740625,0.0575,0.8475
06037185204,2091,581,54,492,896,0.025825,0.2778575,0.2352941,0.4285031
06037185310,3061,93,14,180,2754,0.0045737,0.0303822,0.0588043,0.899706
06037185320,3081,113,17,155,2774,0.0055177,0.0366764,0.0503083,0.900357
06037186100,4715,1430,64,1407,1648,0.0135737,0.3032874,0.2984093,0.3495228
06037186201,3068,475,67,1147,1299,0.0218383,0.154824,0.3738592,0.4234029
06037186202,1974,315,40,695,886,0.0202634,0.1595745,0.352077,0.4488349
06037186203,2936,905,58,410,1453,0.0197548,0.3082425,0.1396458,0.494891
06037186301,2999,378,76,297,2205,0.0253418,0.126042,0.099033,0.7352451
06037186302,5198,1098,97,1004,2864,0.018661,0.2112351,0.1931512,0.5509811
06037186401,3452,109,23,432,2856,0.0066628,0.0315759,0.1251448,0.8273465
06037186403,2899,181,28,579,2078,0.0096585,0.0624353,0.199724,0.7167989
06037186404,2471,175,14,334,1925,0.0056657,0.0708215,0.1351679,0.7790368
06037187101,3235,852,36,785,1459,0.0111283,0.2633694,0.2426584,0.4510046
06037187102,3254,522,45,681,1954,0.0138291,0.1604179,0.2092809,0.6004917
06037187200,3132,279,30,379,2389,0.0095785,0.0890805,0.1210089,0.7627714
06037187300,3216,1639,90,600,751,0.0279851,0.5096393,0.1865672,0.2335199
06037188100,4076,1111,93,521,2274,0.0228165,0.2725711,0.1278214,0.5578999
06037188201,3270,1974,137,461,573,0.041896,0.6036697,0.1409786,0.1752294
06037188202,2347,1559,74,345,294,0.0315296,0.6642522,0.1469962,0.1252663
06037188300,3536,1283,28,1005,1113,0.0079186,0.3628394,0.2842195,0.3147624
06037189101,2743,1826,76,343,383,0.0277069,0.6656945,0.1250456,0.1396281
06037189102,3096,2215,63,363,350,0.0203488,0.7154393,0.1172481,0.1130491
06037189201,3293,2269,117,330,470,0.0355299,0.6890374,0.1002126,0.142727
06037189202,2718,1988,36,317,271,0.013245,0.7314202,0.1166299,0.0997057
06037189300,3077,2340,71,401,182,0.0230744,0.760481,0.1303217,0.0591485
06037189400,3448,2812,108,172,215,0.0313225,0.8155452,0.049884,0.062355
06037189500,4452,3213,206,272,564,0.0462713,0.7216981,0.0610961,0.1266846
06037189600,3529,2545,186,183,487,0.0527061,0.7211675,0.051856,0.1379994
06037189701,3942,2803,206,334,437,0.0522577,0.7110604,0.0847286,0.1108574
06037189702,2227,1714,97,124,207,0.0435564,0.7696453,0.0556803,0.0929502
06037189800,4021,3115,167,202,413,0.041532,0.7746829,0.0502363,0.1027108
06037189902,4971,3771,203,293,510,0.0408369,0.7585999,0.0589419,0.1025951
06037189903,2164,1673,98,129,182,0.0452865,0.7731054,0.0596118,0.0841035
06037189904,2260,1595,97,164,301,0.0429204,0.7057522,0.0725664,0.1331858
06037189905,2304,1813,77,120,214,0.0334201,0.7868924,0.0520833,0.0928819
06037190100,4481,2806,304,385,817,0.067842,0.6261995,0.0859183,0.1823254
06037190201,2870,1374,259,149,987,0.0902439,0.4787456,0.0519164,0.3439024
06037190202,3044,1670,236,290,712,0.0775296,0.5486202,0.0952694,0.2339028
06037190301,4758,2860,235,325,1163,0.0493905,0.6010929,0.068306,0.2444304
06037190401,3135,1862,134,337,677,0.0427432,0.5939394,0.107496,0.215949
06037190402,2487,1494,112,346,444,0.0450342,0.6007238,0.1391234,0.1785283
06037190510,4227,1391,312,733,1663,0.0738112,0.329075,0.173409,0.3934232
06037190520,3728,1592,92,537,1408,0.0246781,0.4270386,0.1440451,0.3776824
06037190700,3379,1591,304,209,1160,0.0899674,0.4708494,0.0618526,0.3432968
06037190801,2594,944,173,207,1200,0.0666924,0.3639167,0.0797995,0.462606
06037190802,2784,971,118,244,1396,0.0423851,0.3487787,0.0876437,0.5014368
06037190901,4742,666,173,235,3608,0.0364825,0.1404471,0.0495571,0.7608604
06037190902,3960,1101,123,255,2405,0.0310606,0.2780303,0.0643939,0.6073232
06037191000,3228,1177,285,222,1426,0.08829,0.3646221,0.0687732,0.4417596
06037191110,3338,1585,102,335,1221,0.0305572,0.4748352,0.1003595,0.3657879
06037191120,4135,1234,159,402,2221,0.0384522,0.2984281,0.0972189,0.5371221
06037191201,4591,2319,146,597,1374,0.0318014,0.5051187,0.130037,0.2992812
06037191203,2922,801,128,603,1319,0.0438056,0.2741273,0.2063655,0.4514031
06037191204,2124,701,52,343,974,0.0244821,0.3300377,0.1614878,0.4585687
06037191301,2327,411,94,469,1319,0.0403954,0.1766223,0.2015471,0.5668242
06037191302,2422,498,81,641,1151,0.0334434,0.2056152,0.2646573,0.4752271
06037191410,5092,304,185,794,3723,0.0363315,0.0597015,0.1559309,0.7311469
06037191420,3365,293,47,620,2355,0.0139673,0.0870728,0.1842496,0.6998514
06037191500,5551,945,79,1053,3369,0.0142317,0.1702396,0.1896956,0.6069177
06037191610,4502,473,68,514,3380,0.0151044,0.1050644,0.1141715,0.7507774
06037191620,2789,563,101,395,1681,0.0362137,0.2018645,0.1416278,0.602725
06037191710,3231,617,81,312,2167,0.0250696,0.1909626,0.0965645,0.6706902
06037191720,3770,504,119,343,2762,0.031565,0.133687,0.0909814,0.732626
06037191810,3498,597,145,146,2544,0.0414523,0.170669,0.0417381,0.7272727
06037191820,2647,789,111,268,1398,0.0419343,0.2980733,0.1012467,0.5281451
06037191901,3355,1784,226,308,888,0.0673621,0.5317437,0.0918033,0.2646796
06037191902,2867,2017,93,278,391,0.0324381,0.7035228,0.0969655,0.1363795
06037192001,2466,1828,127,144,294,0.0515004,0.7412814,0.0583942,0.1192214
06037192002,2735,2188,67,156,215,0.0244973,0.8,0.0570384,0.0786106
06037192300,2799,1873,115,486,222,0.0410861,0.6691676,0.1736334,0.079314
06037192410,3628,1645,115,848,907,0.0316979,0.4534179,0.2337376,0.25
06037192420,3637,404,92,1421,1640,0.0252956,0.1110806,0.3907066,0.4509211
06037192510,3670,175,37,1555,1851,0.0100817,0.0476839,0.4237057,0.5043597
06037192520,5067,242,56,889,3827,0.0110519,0.04776,0.175449,0.7552793
06037192610,4389,354,104,595,3253,0.0236956,0.0806562,0.1355662,0.7411711
06037192620,3868,211,101,831,2655,0.0261117,0.0545502,0.2148397,0.6864012
06037192700,3513,349,175,834,2085,0.049815,0.0993453,0.2374039,0.5935098
06037194101,3091,2402,121,168,288,0.0391459,0.7770948,0.0543513,0.0931737
06037194102,3458,2838,109,225,177,0.0315211,0.8207056,0.0650665,0.0511857
06037194200,3588,3012,69,140,242,0.0192308,0.8394649,0.039019,0.067446999999999993
06037194300,3029,2601,64,114,162,0.0211291,0.8586992,0.0376362,0.053483
06037194401,2461,1904,72,158,249,0.0292564,0.7736692,0.0642015,0.1011784
06037194402,3335,2653,73,206,294,0.0218891,0.7955022,0.0617691,0.0881559
06037194500,2037,1688,38,135,108,0.0186549,0.8286696,0.0662739,0.0530191
06037195100,4717,2937,148,763,672,0.0313759,0.6226415,0.1617554,0.1424634
06037195201,2834,1851,65,346,456,0.0229358,0.6531404,0.1220889,0.1609033
06037195202,3185,2145,69,427,420,0.0216641,0.6734694,0.1340659,0.1318681
06037195300,3203,1637,55,442,973,0.0171714,0.5110834,0.1379956,0.3037777
06037195400,4395,2353,118,599,1182,0.0268487,0.5353811,0.1362912,0.268942
06037195500,4971,2162,92,896,1655,0.0185073,0.4349226,0.1802454,0.332931
06037195600,3340,832,87,470,1860,0.0260479,0.2491018,0.1407186,0.5568862
06037195710,4328,553,114,598,2983,0.0263401,0.1277726,0.1381701,0.6892329
06037195720,2304,394,27,170,1668,0.0117188,0.1710069,0.0737847,0.7239583
06037195802,2881,179,68,802,1789,0.0236029,0.0621312,0.2783756,0.6209649
06037195803,2603,850,41,405,1242,0.0157511,0.3265463,0.1555897,0.4771418
06037195804,2643,634,60,471,1413,0.0227015,0.2398789,0.1782066,0.5346198
06037195901,2235,982,88,238,851,0.0393736,0.4393736,0.1064877,0.3807606
06037195902,1905,932,46,265,584,0.024147,0.4892388,0.1391076,0.3065617
06037195903,2216,497,70,473,1130,0.0315884,0.224278,0.2134477,0.5099278
06037197200,3757,125,23,1511,2048,0.0061219000000000004,0.0332712,0.4021826,0.5451158
06037197300,3909,1292,58,714,1735,0.0148376,0.3305193,0.1826554,0.4438475
06037197410,3704,1713,77,384,1401,0.0207883,0.462473,0.1036717,0.3782397
06037197420,3509,822,58,433,2110,0.0165289,0.2342548,0.123397,0.6013109
06037197500,3889,959,66,531,2251,0.0169709,0.246593,0.136539,0.578812
06037197600,2376,485,48,498,1306,0.020202,0.2041246,0.209596,0.5496633
06037197700,5103,491,115,2854,1538,0.0225358,0.0962179,0.5592789,0.3013913
06037199000,5066,133,40,1762,3099,0.0078958,0.0262535,0.3478089,0.6117252
06037199110,2710,116,30,152,2386,0.0110701,0.0428044,0.0560886,0.8804428
06037199120,4086,100,43,938,2964,0.0105237,0.0244738,0.2295644,0.7254038
06037199201,4089,103,33,1119,2796,0.0080704,0.0251895,0.273661,0.6837858
06037199202,3031,232,61,297,2401,0.0201254,0.0765424,0.0979875,0.7921478
06037199300,3848,659,102,401,2584,0.0265073,0.1712578,0.10421,0.6715177
06037199400,4668,182,31,836,3570,0.006641,0.0389889,0.1790917,0.7647815
06037199700,3411,375,28,612,2368,0.0082087,0.1099384,0.1794195,0.6942246
06037199800,5631,85,14,2026,3479,0.0024862,0.015095,0.359794,0.6178299
06037199900,2683,34,26,476,2128,0.0096906,0.0126724,0.1774133,0.793142
06037201110,2574,183,34,247,2092,0.013209,0.0710956,0.0959596,0.8127428
06037201120,4097,226,79,389,3364,0.0192824,0.0551623,0.0949475,0.8210886
06037201200,2519,75,11,174,2249,0.0043668,0.0297737,0.069075,0.8928146
06037201301,3442,176,67,410,2746,0.0194654,0.0511331,0.1191168,0.797792
06037201302,3732,971,260,1457,930,0.0696677,0.2601822,0.3904073,0.2491961
06037201401,4803,173,138,508,3944,0.028732,0.0360192,0.1057672,0.8211534
06037201402,4311,160,20,799,3303,0.0046393,0.0371144,0.1853398,0.7661795
06037201501,5306,214,38,477,4530,0.0071617,0.0403317,0.0898982,0.8537505
06037201503,3323,87,9,162,3050,0.0027084,0.0261812,0.0487511,0.9178453
06037201504,2428,80,20,172,2136,0.0082372,0.0329489,0.0708402,0.8797364
06037201601,2288,102,34,293,1839,0.0148601,0.0445804,0.1280594,0.8037587
06037201602,2840,127,16,297,2388,0.0056338,0.0447183,0.1045775,0.8408451
06037201700,5093,402,342,909,3318,0.067151,0.0789319,0.1784803,0.6514824
06037203100,4839,47,52,75,4636,0.010746,0.0097128,0.0154991,0.9580492
06037203200,4844,54,18,44,4699,0.0037159,0.0111478,0.0090834,0.9700661
06037203300,2607,231,286,271,1794,0.1097046,0.0886076,0.1039509,0.6881473
06037203500,3064,74,23,327,2608,0.0075065,0.0241514,0.1067232,0.8511749
06037203600,5394,66,10,38,5255,0.0018539,0.0122358,0.0070449,0.9742306
06037203710,3259,25,23,27,3169,0.0070574,0.0076711,0.0082847,0.9723842
06037203720,4001,42,27,41,3867,0.0067483,0.0104974,0.0102474,0.9665084
06037203800,4589,72,26,36,4433,0.0056657,0.0156897,0.0078448,0.9660057
06037203900,2944,35,13,21,2865,0.0044158,0.0118886,0.0071332,0.9731658
06037204110,3078,20,11,39,2998,0.0035737,0.0064977,0.0126706,0.9740091
06037204120,2650,25,2,23,2589,7.547e-4,0.009434,0.0086792,0.9769811
06037204200,3303,49,15,112,3106,0.0045413,0.014835,0.0339086,0.9403573
06037204300,4787,76,11,131,4543,0.0022979,0.0158763,0.0273658,0.9490286
06037204410,2363,43,4,82,2212,0.0016928,0.0181972,0.0347017,0.9360982
06037204420,3138,69,65,33,2953,0.0207138,0.0219885,0.0105163,0.9410453
06037204600,4101,74,17,45,3949,0.0041453,0.0180444,0.0109729,0.9629359
06037204700,4972,73,9,44,4832,0.0018101,0.0146822,0.0088495999999999991,0.9718423
06037204810,4478,59,2,21,4369,4.466e-4,0.0131755,0.0046896,0.9756588
06037204820,2274,19,0,20,2226,0,0.0083553,0.0087951,0.9788918
06037204910,3105,48,10,9,2999,0.0032206,0.0154589,0.0028986,0.9658615
06037204920,2598,32,3,5,2549,0.0011547,0.0123172,0.0019246,0.9811393
06037205110,3766,40,2,5,3708,5.311e-4,0.0106213,0.0013277,0.984599
06037205120,3618,28,37,40,3492,0.0102266,0.0077391,0.0110558,0.9651741
06037206010,3127,126,102,1232,1611,0.0326191,0.0402942,0.3939878,0.5151903
06037206020,7883,1614,2879,276,3016,0.3652163,0.2047444,0.0350121,0.3825955
06037206031,2957,1130,210,1117,362,0.0710179,0.3821441,0.3777477,0.1224214
06037206032,5275,107,63,816,4235,0.0119431,0.0202844,0.1546919,0.8028436
06037206050,2146,190,88,155,1701,0.0410065,0.0885368,0.0722274,0.7926375
06037206200,3386,414,876,1341,661,0.2587123,0.1222682,0.3960425,0.1952156
06037206300,7540,1259,3983,161,1877,0.5282493,0.1669761,0.0213528,0.248939
06037207101,3047,334,149,2128,359,0.0489006,0.109616,0.6983919,0.1178208
06037207102,2553,67,88,1774,605,0.0344693,0.0262436,0.6948688,0.2369761
06037207103,2077,43,16,1785,217,0.0077034,0.0207029,0.8594126,0.1044776
06037207301,4521,1684,912,714,942,0.2017253,0.372484,0.1579297,0.208361
06037207302,3791,1798,721,347,696,0.1901873,0.4742812,0.0915326,0.1835927
06037207400,1363,281,299,100,659,0.219369,0.2061629,0.0733676,0.4834923
06037207501,2218,611,175,1027,322,0.0788999,0.2754734,0.4630298,0.1451758
06037207502,2589,514,128,1552,321,0.0494399,0.1985323,0.5994593,0.1239861
06037207710,2490,872,291,860,385,0.1168675,0.3502008,0.3453815,0.1546185
06037207900,4163,1159,319,1558,999,0.0766274,0.278405,0.3742493,0.2399712
06037208000,6893,518,317,1047,4914,0.0459887,0.0751487,0.1518932,0.7128971
06037208301,2201,40,6,58,2084,0.002726,0.0181736,0.0263517,0.9468423
06037208302,4360,181,324,487,3284,0.0743119,0.0415138,0.1116972,0.753211
06037208401,3770,131,60,573,2970,0.0159151,0.034748,0.1519894,0.7877984
06037208402,2775,76,43,621,1991,0.0154955,0.0273874,0.2237838,0.7174775
06037208501,2656,123,44,1248,1180,0.0165663,0.0463102,0.4698795,0.4442771
06037208502,3571,185,119,637,2573,0.033324,0.0518062,0.1783814,0.7205265
06037208610,4195,160,134,1829,1979,0.0319428,0.0381406,0.4359952,0.4717521
06037208620,4660,193,265,1637,2448,0.056867,0.0414163,0.3512876,0.5253219
06037208710,4309,224,235,2384,1397,0.054537,0.0519842,0.5532606,0.3242052
06037208720,4179,209,124,391,3410,0.0296722,0.050012,0.0935631,0.8159847
06037208801,2995,205,174,778,1793,0.0580968,0.0684474,0.2597663,0.5986644
06037208802,2906,400,163,526,1737,0.0560908,0.1376462,0.1810048,0.5977288
06037208902,2339,67,16,97,2135,0.0068405,0.0286447,0.0414707,0.9127832
06037208903,4019,212,279,140,3326,0.0694203,0.0527494,0.0348345,0.827569
06037208904,3926,175,78,248,3387,0.0198675,0.0445746,0.0631686,0.8627101
06037209102,5267,162,308,708,4026,0.0584773,0.0307575,0.1344219,0.764382
06037209103,3216,37,102,42,3016,0.0317164,0.011505,0.0130597,0.9378109
06037209104,2434,113,115,123,2059,0.0472473,0.0464256,0.0505341,0.8459326
06037209200,2785,544,159,642,1350,0.0570916,0.1953321,0.2305206,0.4847397
06037209300,5021,710,321,494,3384,0.0639315,0.1414061,0.0983868,0.6739693
06037209401,3914,187,177,638,2862,0.0452223,0.0477772,0.1630046,0.7312213
06037209402,3728,176,123,191,3211,0.0329936,0.0472103,0.0512339,0.8613197
06037209403,3600,174,183,672,2541,0.0508333,0.0483333,0.1866667,0.7058333
06037209510,2692,86,98,571,1903,0.0364042,0.0319465,0.21211,0.7069094
06037209520,2791,48,71,311,2340,0.0254389,0.0171981,0.1114296,0.8384092
06037209810,2472,183,210,278,1778,0.0849515,0.0740291,0.1124595,0.7192557
06037209820,2968,59,113,190,2559,0.0380728,0.0198787,0.0640162,0.8621968
06037210010,3520,87,104,455,2850,0.0295455,0.0247159,0.1292614,0.8096591
06037211000,4431,2722,201,1052,299,0.0453622,0.6143083,0.2374182,0.0674791
06037211120,5194,316,205,3152,1433,0.0394686,0.0608394,0.6068541,0.2758953
06037211121,2351,205,113,907,1062,0.0480647,0.0871969,0.3857933,0.4517227
06037211122,3075,310,213,1042,1445,0.0692683,0.100813,0.3388618,0.4699187
06037211201,2645,198,87,361,1956,0.0328922,0.0748582,0.1364839,0.7395085
06037211202,2645,206,76,466,1840,0.0287335,0.0778828,0.1761815,0.6956522
06037211310,3846,252,111,550,2875,0.0288612,0.0655226,0.1430057,0.7475299
06037211320,3184,269,146,790,1930,0.0458543,0.0844849,0.2481156,0.6061558
06037211410,3095,203,104,1642,1114,0.0336026,0.0655897,0.5305331,0.3599354
06037211420,3859,357,143,1304,2005,0.0370562,0.092511,0.3379114,0.5195647
06037211500,4355,1574,163,1561,950,0.0374282,0.3614237,0.3584386,0.2181401
06037211701,2827,830,123,1537,290,0.043509,0.2935975,0.5436859,0.1025822
06037211703,4750,381,238,2199,1832,0.0501053,0.0802105,0.4629474,0.3856842
06037211704,3016,428,168,1740,616,0.0557029,0.1419098,0.5769231,0.204244
06037211802,4192,415,271,1898,1494,0.0646469,0.0989981,0.4527672,0.3563931
06037211803,3529,188,243,2450,589,0.068858,0.0532729,0.6942477,0.1669028
06037211804,3221,193,130,2084,754,0.0403601,0.0599193,0.647004,0.2340888
06037211910,4657,345,275,1080,2859,0.0590509,0.074082,0.231909,0.6139145
06037211921,2474,115,105,1129,1094,0.0424414,0.0464834,0.456346,0.4421989
06037211922,3389,181,191,1159,1803,0.0563588,0.0534081,0.3419888,0.5320153
06037212101,2507,232,164,1316,740,0.0654168,0.0925409,0.5249302,0.2951735
06037212102,2446,324,203,1132,713,0.0829926,0.1324612,0.4627964,0.2914963
06037212202,3612,83,73,557,2869,0.0202104,0.022979,0.1542082,0.7942968
06037212203,2679,54,69,460,2078,0.0257559,0.0201568,0.1717059,0.7756626
06037212204,3344,150,134,515,2519,0.0400718,0.0448565,0.1540072,0.7532895
06037212303,3326,219,170,565,2310,0.0511124,0.0658449,0.1698737,0.694528
06037212304,1804,181,84,286,1225,0.0465632,0.1003326,0.1585366,0.6790466
06037212305,2865,99,103,493,2134,0.0359511,0.034555,0.1720768,0.7448517
06037212306,3052,118,43,1384,1481,0.0140891,0.0386632,0.4534731,0.4852556
06037212410,3903,250,129,1607,1867,0.0330515,0.0640533,0.4117346,0.47835
06037212420,3228,173,132,1088,1791,0.0408922,0.0535936,0.3370508,0.5548327
06037212501,2165,283,129,536,1170,0.0595843,0.1307159,0.2475751,0.5404157
06037212502,2767,243,139,1356,976,0.0502349,0.0878207,0.4900614,0.3527286
06037212610,4074,330,204,2121,1345,0.0500736,0.0810015,0.5206186,0.3301424
06037212620,4341,248,180,2011,1844,0.0414651,0.0571297,0.4632573,0.4247869
06037212701,2430,194,132,1346,718,0.054321,0.0798354,0.5539095,0.2954733
06037212702,3635,840,321,1798,593,0.0883081,0.2310867,0.4946355,0.1631362
06037212800,4273,344,377,1200,2271,0.0882284,0.0805055,0.2808331,0.5314767
06037212900,4074,251,481,1057,2212,0.1180658,0.0616102,0.2594502,0.5429553
06037213100,2721,179,327,1297,864,0.1201764,0.0657846,0.476663,0.3175303
06037213201,4198,112,122,1801,2116,0.0290615,0.0266794,0.4290138,0.5040495
06037213202,3873,61,138,1189,2457,0.0356313,0.0157501,0.3069972,0.6343919
06037213310,3477,52,41,1018,2334,0.0117918,0.0149554,0.2927811,0.6712683
06037213320,2481,47,78,738,1588,0.0314389,0.018944,0.2974607,0.6400645
06037213401,4951,80,50,985,3795,0.010099,0.0161584,0.1989497,0.7665118
06037213402,4645,188,112,873,3427,0.0241119,0.0404736,0.187944,0.7377826
06037214000,3898,3560,29,131,118,0.0074397,0.9132889,0.033607,0.0302719
06037214100,3944,3377,101,172,194,0.0256085,0.8562373,0.0436105,0.0491886
06037214400,2877,2286,69,131,265,0.0239833,0.7945777,0.0455335,0.0921098
06037214501,2932,1641,145,812,232,0.0494543,0.5596862,0.2769441,0.0791269
06037214502,5528,2388,333,2265,362,0.0602388,0.4319826,0.4097323,0.0654848
06037214503,3325,1313,163,1526,209,0.0490226,0.3948872,0.4589474,0.0628571
06037214600,2411,1886,91,193,175,0.0377437,0.782248,0.0800498,0.072584
06037214700,2512,1984,71,150,234,0.0282643,0.7898089,0.0597134,0.0931529
06037214800,2573,2126,79,114,181,0.0307035,0.8262728,0.0443063,0.0703459
06037214901,3083,2428,88,239,156,0.0285436,0.7875446,0.0775219,0.0506001
06037214902,2586,1928,78,303,186,0.0301624,0.745553,0.1171694,0.0719258
06037215101,2477,1350,248,429,349,0.1001211,0.5450141,0.1731934,0.1408962
06037215102,3110,1974,209,450,355,0.0672026,0.6347267,0.1446945,0.1141479
06037216100,2289,1001,476,398,292,0.2079511,0.4373089,0.1738751,0.1275666
06037216200,4911,1906,1211,832,740,0.2465893,0.3881083,0.1694156,0.1506821
06037216300,4526,2779,473,664,423,0.1045073,0.614008,0.1467079,0.09346
06037216401,4189,3079,192,326,323,0.0458343,0.7350203,0.0778229,0.0771067
06037216402,2615,2035,83,173,140,0.03174,0.7782027,0.0661568,0.0535373
06037216700,3709,1173,1269,312,747,0.3421407,0.3162578,0.0841197,0.201402
06037216800,3289,2091,288,197,597,0.0875646,0.6357555,0.0598966,0.1815141
06037216900,5060,1769,1733,302,999,0.3424901,0.3496047,0.0596838,0.1974308
06037217001,2654,2212,80,71,182,0.0301432,0.8334589,0.0267521,0.0685757
06037217002,4977,3299,478,421,541,0.0960418,0.6628491,0.0845891,0.1087
06037217100,5374,1075,1783,243,2036,0.3317827,0.2000372,0.0452177,0.3788612
06037217200,3905,675,1151,322,1599,0.2947503,0.1728553,0.0824584,0.409475
06037218110,3453,195,802,499,1885,0.2322618,0.0564726,0.144512,0.5459021
06037218120,4530,102,503,697,3127,0.1110375,0.0225166,0.1538631,0.690287
06037218210,4457,144,1002,40,3182,0.2248149,0.0323087,0.0089746,0.7139331
06037218220,4358,298,1450,207,2271,0.3327214,0.06838,0.0474989,0.5211106
06037218300,5520,374,1860,185,2912,0.3369565,0.0677536,0.0335145,0.5275362
06037218400,4714,194,1248,48,3112,0.2647433,0.041154,0.0101824,0.6601612
06037218500,2869,153,992,76,1556,0.3457651,0.0533287,0.0264901,0.5423493
06037218600,3142,186,1137,69,1656,0.3618714,0.059198,0.0219605,0.5270528
06037218701,2430,121,1014,170,1029,0.417284,0.0497942,0.0699588,0.4234568
06037218702,2176,75,821,59,1170,0.3772978,0.0344669,0.027114,0.5376838
06037218800,2658,73,667,218,1657,0.2509406,0.0274643,0.0820166,0.6234011
06037218900,5464,281,2142,155,2731,0.3920205,0.0514275,0.0283675,0.499817
06037219010,2814,74,756,75,1848,0.2686567,0.0262971,0.0266525,0.6567164
06037219020,4798,135,1328,123,3102,0.276782,0.0281367,0.0256357,0.6465194
06037219300,3700,93,1246,178,2072,0.3367568,0.0251351,0.0481081,0.56
06037219500,1737,63,948,326,337,0.5457686,0.0362694,0.1876799,0.1940127
06037219700,4306,132,1279,50,2744,0.2970274,0.0306549,0.0116117,0.6372503
06037219800,3310,48,712,36,2459,0.2151057,0.0145015,0.0108761,0.7429003
06037219901,5234,115,840,30,4179,0.1604891,0.0219717,0.0057318,0.7984333
06037219902,4113,143,848,66,2971,0.2061755,0.0347678,0.0160467,0.7223438
06037220000,5345,133,2294,129,2645,0.4291862,0.0248831,0.0241347,0.494855
06037220100,2334,105,1361,141,669,0.5831191,0.0449871,0.0604113,0.2866324
06037221110,3565,87,43,252,3160,0.0120617,0.0244039,0.0706872,0.8863955
06037221120,3373,70,55,60,3157,0.016306,0.020753,0.0177883,0.9359621
06037221210,3300,93,166,307,2685,0.050303,0.0281818,0.0930303,0.8136364
06037221220,3378,77,70,217,2987,0.0207223,0.0227946,0.0642392,0.884251
06037221302,4403,210,808,355,2949,0.1835112,0.0476948,0.0806268,0.6697706
06037221303,2551,86,195,282,1958,0.0764406,0.0337123,0.1105449,0.7675421
06037221304,3319,105,753,611,1796,0.2268756,0.031636,0.1840916,0.5411268
06037221401,3359,294,1423,126,1429,0.423638,0.087526,0.0375112,0.4254242
06037221402,2715,227,770,320,1329,0.2836096,0.0836096,0.1178637,0.4895028
06037221500,3507,63,785,140,2391,0.223838,0.0179641,0.0399202,0.6817793
06037221601,3403,116,334,132,2768,0.0981487,0.0340876,0.0387893,0.8133999
06037221602,2816,49,115,81,2549,0.0408381,0.0174006,0.0287642,0.9051847
06037221710,2621,157,196,236,2005,0.0747806,0.0599008,0.090042,0.7649752
06037221810,2773,510,231,520,1417,0.0833033,0.1839163,0.1875225,0.5109989
06037221820,3095,958,207,1251,533,0.0668821,0.3095315,0.4042003,0.1722132
06037221900,3664,975,295,1161,1057,0.0805131,0.2661026,0.3168668,0.2884825
06037222001,3237,130,867,63,2066,0.2678406,0.0401606,0.0194625,0.6382453
06037222002,4655,140,1353,24,3039,0.2906552,0.0300752,0.0051557,0.6528464
06037222100,3877,132,928,93,2629,0.2393603,0.0340469,0.0239876,0.6781016
06037222200,3965,225,935,137,2573,0.2358134,0.0567465,0.0345523,0.6489281
06037222500,4963,74,1149,82,3556,0.2315132,0.0149103,0.0165223,0.7165021
06037222600,5631,434,1358,588,3069,0.241165,0.0770733,0.1044219,0.5450186
06037222700,3748,1747,156,1185,436,0.0416222,0.4661153,0.3161686,0.1163287
06037224010,2433,188,343,131,1735,0.1409782,0.0772709,0.053843,0.7131114
06037224020,2789,134,235,50,2333,0.0842596,0.0480459,0.0179276,0.8365005
06037224200,2392,44,40,46,2252,0.0167224,0.0183946,0.0192308,0.9414716
06037224310,2025,87,33,78,1811,0.0162963,0.042963,0.0385185,0.894321
06037224320,3224,45,125,83,2965,0.0387717,0.0139578,0.0257444,0.919665
06037224410,3140,388,129,740,1832,0.0410828,0.1235669,0.2356688,0.5834395
06037224420,2369,125,162,100,1961,0.0683833,0.052764900000000003,0.0422119,0.8277754
06037224600,3425,87,300,38,2960,0.0875912,0.0254015,0.0110949,0.8642336
06037224700,4856,2673,237,1089,648,0.0488056,0.550453,0.2242586,0.1334432
06037226001,2068,36,126,54,1843,0.0609284,0.0174081,0.0261122,0.8911992
06037226002,1604,364,293,107,799,0.1826683,0.2269327,0.0667082,0.4981297
06037226410,3491,18,95,42,3327,0.0272128,0.0051561,0.0120309,0.9530221
06037226420,4906,16,379,54,4439,0.0772523,0.0032613,0.0110069,0.9048104
06037226700,6170,32,237,9,5866,0.0384117,0.0051864,0.0014587,0.9507293
06037227010,4662,28,329,1,4293,0.0705706,0.006006,2.145e-4,0.9208494
06037227020,3599,10,234,7,3339,0.0650181,0.0027785,0.001945,0.9277577
06037228100,4916,22,357,7,4487,0.07262,0.0044752,0.0014239,0.9127339
06037228210,3806,64,415,105,3207,0.1090384,0.0168156,0.027588,0.8426169
06037228220,4389,38,495,4,3809,0.112782,0.008658,9.114e-4,0.8678514
06037228310,4449,23,288,4,4108,0.0647336,0.0051697,8.991e-4,0.9233536
06037228320,3219,11,321,1,2872,0.0997204,0.0034172,3.107e-4,0.8922025
06037228410,3320,34,202,4,3050,0.0608434,0.010241,0.0012048,0.9186747
06037228420,3150,13,332,1,2780,0.1053968,0.004127,3.175e-4,0.8825397
06037228500,5220,33,492,4,4654,0.0942529,0.0063218,7.663e-4,0.8915709
06037228600,5049,64,544,15,4387,0.1077441,0.0126758,0.0029709,0.8688849
06037228710,4235,27,404,52,3731,0.0953955,0.0063754,0.0122786,0.8809917
06037228720,4492,22,489,2,3940,0.1088602,0.0048976,4.452e-4,0.8771149
06037228800,5575,31,509,85,4910,0.0913004,0.0055605,0.0152466,0.8807175
06037228900,3216,16,315,93,2770,0.0979478,0.0049751,0.0289179,0.8613184
06037229100,4557,26,417,2,4090,0.0915076,0.0057055,4.389e-4,0.8975203
06037229200,4394,28,710,36,3589,0.161584,0.0063723,0.008193,0.8167956
06037229300,5498,55,581,11,4824,0.1056748,0.0100036,0.0020007,0.87741
06037229410,3343,32,480,15,2794,0.1435836,0.0095722,0.004487,0.8357762
06037229420,4729,14,541,3,4134,0.1144005,0.0029605,6.344e-4,0.8741806
06037231100,3350,134,675,44,2426,0.2014925,0.04,0.0131343,0.7241791
06037231210,3688,79,877,54,2626,0.2377983,0.0214208,0.0146421,0.712039
06037231220,3824,49,825,102,2780,0.2157427,0.0128138,0.0266736,0.7269874
06037231300,5348,87,1617,60,3425,0.302356,0.0162678,0.0112191,0.6404263
06037231400,4688,64,1461,115,2967,0.3116468,0.0136519,0.0245307,0.6328925
06037231500,4752,56,1935,114,2565,0.407197,0.0117845,0.0239899,0.5397727
06037231600,7110,104,2115,88,4668,0.2974684,0.0146273,0.0123769,0.6565401
06037231710,4358,20,820,12,3449,0.1881597,0.0045893,0.0027536,0.7914181
06037231720,4966,61,856,107,3876,0.1723721,0.0122835,0.0215465,0.7805075
06037231800,5303,60,590,4,4609,0.1112578,0.0113144,7.543e-4,0.8691307
06037231900,5968,43,883,15,4995,0.1479558,0.0072051,0.0025134,0.8369638
06037232110,3191,17,869,2,2257,0.2723284,0.0053275,6.268e-4,0.7073018
06037232120,5263,39,1016,16,4119,0.1930458,0.0074102,0.0030401,0.7826335
06037232200,3119,43,1089,5,1934,0.3491504,0.0137865,0.0016031,0.6200705
06037232300,3926,28,1297,6,2532,0.3303617,0.0071319,0.0015283,0.6449312
06037232400,6957,89,2753,52,3926,0.3957165,0.0127929,0.0074745,0.5643237
06037232500,4619,28,1884,8,2627,0.4078805,0.0060619,0.001732,0.5687378
06037232600,6288,36,1741,8,4373,0.2768766,0.0057252,0.0012723,0.6954517
06037232700,5895,43,1424,30,4336,0.2415606,0.0072943,0.0050891,0.7355386
06037232800,3823,27,654,16,3079,0.1710698,0.0070625,0.0041852,0.8053884
06037234000,5335,156,3199,101,1675,0.5996251,0.0292409,0.0189316,0.3139644
06037234200,2376,69,1680,245,281,0.7070707,0.0290404,0.1031145,0.118266
06037234300,4098,43,3646,28,256,0.8897023,0.0104929,0.0068326,0.0624695
06037234501,2728,44,1578,26,972,0.5784457,0.016129,0.0095308,0.356305
06037234502,2698,42,1640,27,910,0.6078577,0.0155671,0.0100074,0.3372869
06037234600,5024,80,3187,44,1581,0.6343551,0.0159236,0.008758,0.3146895
06037234700,3888,44,2239,18,1489,0.5758745,0.0113169,0.0046296,0.3829733
06037234800,3426,43,1808,17,1455,0.5277291,0.0125511,0.0049621,0.4246935
06037234901,2999,20,1553,8,1360,0.5178393,0.0066689,0.0026676,0.4534845
06037234902,4005,71,2058,12,1763,0.5138577,0.0177278,0.0029963,0.4401998
06037235100,4520,191,3207,77,855,0.7095133,0.0422566,0.0170354,0.1891593
06037235201,2781,33,1757,11,864,0.6317871,0.0118662,0.0039554,0.3106796
06037235202,4557,62,2942,21,1436,0.6456002,0.0136054,0.0046083,0.3151196
06037236000,4113,715,2595,264,351,0.6309263,0.173839,0.0641867,0.0853392
06037236100,5265,88,3757,337,926,0.7135802,0.0167142,0.0640076,0.1758784
06037236202,6192,70,2999,25,2934,0.4843346,0.0113049,0.0040375,0.4738372
06037236203,3417,30,2280,34,963,0.667252,0.0087796,0.0099502,0.2818262
06037236204,3203,38,1724,12,1358,0.5382454,0.0118639,0.0037465,0.4239775
06037236400,4113,118,3496,60,249,0.8499878,0.0286895,0.014587900000000001,0.0605398
06037237101,3705,24,1110,9,2530,0.2995951,0.0064777,0.0024291,0.682861
06037237102,3254,25,767,17,2400,0.2357099,0.0076829,0.0052243,0.7375538
06037237201,3506,33,800,11,2616,0.2281803,0.0094124,0.0031375,0.7461495
06037237202,4388,36,1569,15,2688,0.3575661,0.0082042,0.0034184,0.6125798
06037237300,5262,52,2988,23,2085,0.5678449,0.0098822,0.004371,0.3962372
06037237401,3616,33,1173,5,2365,0.3243916,0.0091261,0.0013827,0.6540376
06037237402,3526,21,1356,1,2108,0.3845718,0.0059558,2.836e-4,0.5978446
06037237500,2675,32,623,0,1986,0.2328972,0.0119626,0,0.7424299
06037237600,4259,36,932,19,3215,0.2188307,0.0084527,0.0044611,0.754872
06037237710,3887,39,981,19,2801,0.2523797,0.0100334,0.0048881,0.7206072
06037237720,3153,15,708,1,2373,0.224548,0.0047574,3.172e-4,0.7526166
06037237800,4371,36,2164,31,2084,0.4950812,0.0082361,0.0070922,0.4767788
06037237900,3621,44,2700,24,741,0.7456504,0.0121513,0.006628,0.2046396
06037238000,5864,43,4499,15,1169,0.7672237,0.0073329,0.002558,0.199352
06037238100,4626,44,3394,22,1062,0.7336792,0.0095115,0.0047557,0.229572
06037238200,5267,55,3903,18,1147,0.741029,0.0104424,0.0034175,0.217771
06037238310,4821,47,1289,8,3413,0.2673719,0.009749,0.0016594,0.7079444
06037238320,3787,46,1109,5,2553,0.2928439,0.0121468,0.0013203,0.6741484
06037238400,4497,40,3544,27,792,0.7880809,0.0088948,0.006004,0.1761174
06037239201,3562,25,598,7,2902,0.1678832,0.0070185000000000004,0.0019652,0.8147108
06037239202,4724,34,759,2,3901,0.1606689,0.0071973,4.234e-4,0.8257832
06037239310,3996,22,694,10,3218,0.1736737,0.0055055,0.0025025,0.8053053
06037239320,3444,17,452,5,2936,0.1312427,0.0049361,0.0014518,0.8524971
06037239330,2879,18,372,0,2479,0.1292115,0.0062522,0,0.8610629
06037239501,3454,25,830,3,2584,0.2403011,0.007238,8.686e-4,0.7481181
06037239502,3372,8,752,4,2574,0.223013,0.0023725,0.0011862,0.7633452
06037239601,3755,13,617,7,3087,0.1643142,0.0034621,0.0018642,0.8221039
06037239602,3313,24,683,3,2555,0.2061576,0.0072442,9.055e-4,0.7712043
06037239701,4261,28,916,11,3271,0.214973,0.0065712,0.0025816,0.7676602
06037239702,3927,36,1139,0,2693,0.2900433,0.0091673,0,0.6857652
06037239801,3412,14,805,1,2567,0.235932,0.0041032,2.931e-4,0.7523447
06037239802,4902,21,1301,11,3531,0.2654019,0.004284,0.002244,0.7203182
06037240010,3673,28,841,4,2769,0.2289681,0.0076232,0.001089,0.7538797
06037240020,5055,24,1396,10,3586,0.2761622,0.0047478,0.0019782,0.7093966
06037240200,5252,57,1446,13,3687,0.2753237,0.010853,0.0024752,0.7020183
06037240300,5691,98,1505,13,3991,0.2644526,0.0172202,0.0022843,0.7012827
06037240401,5383,30,1428,14,3834,0.2652796,0.0055731,0.0026008,0.7122422
06037240402,3854,44,1496,7,2206,0.3881681,0.0114167,0.0018163,0.5723923
06037240500,5655,36,2014,10,3530,0.356145,0.006366,0.0017683,0.6242263
06037240600,4932,34,1532,9,3307,0.3106245,0.0068938,0.0018248,0.6705191
06037240700,6161,22,2189,17,3875,0.3552995,0.0035708,0.0027593,0.6289563
06037240800,4377,37,1488,18,2774,0.3399589,0.0084533,0.0041124,0.6337674
06037240900,5620,19,1392,10,4152,0.2476868,0.0033808,0.0017794,0.73879
06037241001,4285,37,1527,14,2642,0.3563594,0.0086348,0.0032672,0.6165694
06037241002,3606,21,1546,8,1972,0.4287299,0.0058236,0.0022185,0.5468663
06037241110,3074,18,867,1,2155,0.2820429,0.0058556,3.253e-4,0.701041
06037241120,4564,32,1473,9,2969,0.3227432,0.0070114,0.001972,0.6505259
06037241201,2898,19,1341,5,1502,0.4627329,0.0065562,0.0017253,0.5182885
06037241202,4943,45,2027,14,2769,0.4100749,0.0091038,0.0028323,0.5601861
06037241300,2313,22,1043,5,1196,0.4509295,0.0095115,0.0021617,0.5170774
06037241400,3285,18,1146,14,2059,0.3488584,0.0054795,0.0042618,0.6267884
06037242000,3938,26,1301,6,2568,0.3303707,0.0066023,0.0015236,0.6521077
06037242100,2714,12,853,11,1808,0.3142962,0.0044215,0.0040531,0.6661754
06037242200,6554,48,1691,21,4714,0.2580104,0.0073238,0.0032042,0.7192554
06037242300,4586,25,1226,3,3275,0.2673354,0.0054514,6.542e-4,0.71413
06037242600,4409,38,1683,7,2642,0.3817192,0.0086187,0.0015877,0.5992289
06037242700,5273,20,1353,6,3814,0.2565902,0.0037929,0.0011379,0.7233074
06037243000,6769,79,1261,1,5374,0.1862904,0.0116709,1.477e-4,0.7939134
06037243100,5350,95,1703,19,3462,0.3183178,0.017757,0.0035514,0.6471028
06037261101,3499,3022,62,127,175,0.0177193,0.8636753,0.0362961,0.0500143
06037261102,4362,3637,89,270,188,0.0204035,0.8337918,0.0618982,0.0430995
06037261200,4341,3612,38,288,208,0.0087537,0.8320663,0.0663442,0.0479152
06037262100,3586,2958,48,234,204,0.0133854,0.8248745,0.0652538,0.0568879
06037262200,4675,3720,94,446,219,0.020107,0.7957219,0.0954011,0.0468449
06037262301,2744,1964,32,330,321,0.0116618,0.7157434,0.1202624,0.1169825
06037262302,2818,2442,29,171,95,0.010291,0.866572,0.0606813,0.0337119
06037262303,3290,2849,28,179,110,0.0085106,0.8659574,0.0544073,0.0334347
06037262400,3233,2758,33,193,129,0.0102072,0.8530776,0.0596969,0.039901
06037262501,3662,3290,11,120,158,0.0030038,0.8984162,0.032769,0.0431458
06037262601,3660,3075,44,311,123,0.0120219,0.8401639,0.0849727,0.0336066
06037262604,6092,5154,31,399,294,0.0050886,0.8460276,0.0654957,0.04826
06037262704,3567,3106,31,158,179,0.0086908,0.8707597,0.0442949,0.0501822
06037262706,3563,3110,21,146,172,0.0058939,0.8728599,0.0409767,0.0482739
06037262802,3759,3337,25,154,136,0.0066507,0.8877361,0.0409683,0.0361798
06037264000,3358,2928,21,148,135,0.0062537,0.8719476,0.0440739,0.0402025
06037264102,2873,2244,51,284,181,0.0177515,0.7810651,0.0988514,0.0630003
06037264103,2319,1812,35,256,117,0.0150927,0.7813713,0.1103924,0.0504528
06037264301,4646,3524,63,576,318,0.0135601,0.7585019,0.1239776,0.068446
06037264302,5683,4576,74,484,286,0.0130213,0.8052085,0.0851663,0.0503255
06037265100,2489,2140,29,112,117,0.0116513,0.859783,0.044998,0.0470068
06037265201,2608,1985,21,346,127,0.0080521,0.7611196,0.1326687,0.0486963
06037265202,3611,2482,48,716,196,0.0132927,0.6873442,0.198283,0.0542786
06037265301,9344,2956,303,4053,1418,0.0324272,0.3163527,0.4337543,0.1517551
06037265303,4523,1793,98,1767,614,0.021667,0.3964183,0.3906699,0.1357506
06037265304,3570,1615,76,1168,530,0.0212885,0.452381,0.3271709,0.1484594
06037265305,4082,2107,103,1297,363,0.0252327,0.5161685,0.3177364,0.088927
06037265410,1576,1217,87,108,101,0.055203,0.7722081,0.0685279,0.0640863
06037265420,1811,1411,31,229,76,0.0171176,0.7791276,0.1264495,0.0419658
06037265510,4234,2030,88,1622,296,0.0207841,0.4794521,0.3830893,0.0699103
06037265520,4561,3161,96,815,260,0.021048,0.6930498,0.1786889,0.057005
06037265601,2890,2159,25,380,168,0.0086505,0.7470588,0.1314879,0.0581315
06037265602,3042,2435,40,292,132,0.0131492,0.8004602,0.0959895,0.0433925
06037265700,4720,3859,92,360,210,0.0194915,0.8175847,0.0762712,0.0444915
06037267100,6087,4471,139,814,370,0.0228356,0.7345162,0.1337276,0.0607853
06037267200,5927,4009,105,1035,452,0.0177155,0.6763962,0.1746246,0.0762612
06037267300,3680,1559,161,1034,731,0.04375,0.4236413,0.2809783,0.1986413
06037267402,4580,2950,135,659,613,0.029476,0.6441048,0.1438865,0.1338428
06037267403,3011,1881,55,520,399,0.0182664,0.6247094,0.1727001,0.1325141
06037267404,2806,1784,74,517,309,0.0263721,0.6357805,0.184248,0.1101212
06037267501,5379,2190,135,1081,1760,0.0250976,0.4071389,0.2009667,0.3271984
06037267502,3243,1651,84,629,729,0.0259019,0.5090965,0.1939562,0.2247919
06037267600,2549,1109,58,668,597,0.022754,0.4350726,0.2620636,0.2342095
06037267700,2990,1221,70,995,558,0.0234114,0.4083612,0.3327759,0.1866221
06037267800,2917,1945,53,485,253,0.0181694,0.6667809,0.1662667,0.0867329
06037267901,2428,2010,23,251,88,0.0094728,0.8278418,0.1033773,0.0362438
06037267902,3375,2603,68,362,191,0.0201481,0.7712593,0.1072593,0.0565926
06037269000,5138,3960,160,395,434,0.0311405,0.7707279,0.0768782,0.0844687
06037269100,4359,3752,80,170,189,0.0183528,0.8607479,0.0389998,0.0433586
06037269300,3885,3076,42,353,270,0.0108108,0.7917632,0.090862299999999993,0.0694981
06037269500,4043,3490,59,223,158,0.0145931,0.8632204,0.0551571,0.0390799
06037269601,3413,302,704,104,2190,0.2062701,0.0884852,0.0304717,0.6416642
06037269602,3252,782,491,159,1740,0.150984,0.2404674,0.048893,0.5350554
06037269700,4085,1453,514,431,1474,0.1258262,0.3556916,0.105508,0.3608323
06037269800,3458,1331,385,673,899,0.111336,0.3849046,0.1946212,0.2599769
06037269903,3650,1170,378,866,1068,0.1035616,0.3205479,0.2372603,0.2926027
06037269904,3902,1591,440,835,843,0.1127627,0.4077396,0.2139928,0.2160431
06037269905,2423,778,274,489,752,0.113083,0.3210896,0.2018159,0.3103591
06037269906,2878,1129,290,669,669,0.1007644,0.3922863,0.2324531,0.2324531
06037269907,2761,1033,333,593,661,0.1206085,0.3741398,0.2147773,0.239406
06037270100,4412,1771,471,1022,911,0.1067543,0.4014053,0.231641,0.2064823
06037270200,3761,761,368,270,2209,0.0978463,0.2023398,0.0717894,0.5873438
06037270300,2364,353,904,174,826,0.3824027,0.1493232,0.0736041,0.3494078
06037271100,2449,1316,61,475,468,0.0249081,0.5373622,0.1939567,0.1910984
06037271200,2525,837,96,672,832,0.0380198,0.3314851,0.2661386,0.329505
06037271300,4506,2383,113,916,863,0.0250777,0.5288504,0.2032845,0.1915224
06037271400,3391,2365,29,392,446,0.008552,0.6974344,0.1156001,0.1315246
06037271500,2937,1971,54,452,328,0.0183861,0.671093,0.1538985,0.1116786
06037271600,4475,2184,95,1554,450,0.0212291,0.4880447,0.3472626,0.1005587
06037271701,5850,3024,274,1469,802,0.0468376,0.5169231,0.2511111,0.137094
06037271702,4134,1695,174,1523,571,0.04209,0.4100145,0.3684083,0.1381229
06037271801,3635,1205,183,855,1234,0.0503439,0.3314993,0.2352132,0.3394773
06037271802,5911,2138,483,1507,1501,0.0817121,0.3616985,0.2549484,0.2539333
06037271901,3087,1363,220,508,870,0.0712666,0.441529,0.1645611,0.281827
06037271902,3877,2173,124,479,926,0.0319835,0.5604849,0.1235491,0.2388445
06037272100,4354,2646,76,373,1061,0.0174552,0.607717,0.0856684,0.243684
06037272201,2411,1060,107,244,917,0.0443799,0.4396516,0.1012028,0.3803401
06037272202,3378,1324,131,306,1466,0.0387803,0.3919479,0.0905861,0.4339846
06037272301,2941,1422,145,344,911,0.049303,0.483509,0.116967,0.3097586
06037272302,4074,1380,186,354,2041,0.0456554,0.3387334,0.0868925,0.5009818
06037273100,2197,1460,47,132,488,0.0213928,0.6645426,0.0600819,0.2221211
06037273200,3711,1769,441,88,1281,0.1188359,0.4766909,0.0237133,0.34519
06037273300,3695,1830,380,113,1213,0.1028417,0.4952639,0.0305819,0.3282815
06037273402,3172,2463,110,143,312,0.0346784,0.7764817,0.045082,0.0983607
06037273502,2884,2249,93,124,273,0.0322469,0.7798197,0.0429958,0.0946602
06037273600,2413,1727,82,90,413,0.0339826,0.7157066,0.037298,0.1711562
06037273700,2801,1845,49,126,661,0.0174938,0.6586933,0.0449839,0.2359871
06037273800,3107,2081,86,208,602,0.0276794,0.6697779,0.0669456,0.193756
06037273902,4227,3376,128,182,383,0.0302815,0.7986752,0.0430565,0.090608
06037274100,4418,2965,216,601,430,0.0488909,0.6711182,0.1360344,0.0973291
06037274202,4337,3560,152,215,274,0.0350473,0.8208439,0.0495734,0.0631773
06037275101,1177,490,86,201,331,0.0730671,0.4163127,0.17077320000000001,0.2812234
06037275102,4226,837,96,337,2835,0.0227165,0.1980596,0.079744399999999993,0.6708471
06037275200,3887,1201,196,430,1922,0.0504245,0.3089786,0.1106252,0.4944687
06037275302,4775,3061,219,608,671,0.0458639,0.6410471,0.1273298,0.1405236
06037275311,4993,2172,162,1038,1398,0.0324454,0.435009,0.207891,0.279992
06037275400,3349,1941,113,457,672,0.0337414,0.579576,0.1364586,0.2006569
06037275500,5207,676,322,398,3698,0.0618398,0.1298252,0.0764356,0.7101978
06037275602,6470,3211,709,1452,737,0.1095827,0.4962906,0.2244204,0.1139104
06037275603,2711,946,102,599,945,0.0376245,0.3489487,0.2209517,0.3485799
06037276000,5396,3430,191,570,945,0.0353966,0.635656,0.1056338,0.1751297
06037276100,5592,1123,2761,622,808,0.4937411,0.2008226,0.1112303,0.1444921
06037276400,4009,2839,104,432,464,0.0259416,0.7081566,0.1077575,0.1157396
06037276500,5063,3061,238,502,933,0.0470077,0.6045823,0.0991507,0.1842781
06037276601,3838,2522,187,496,450,0.0487233,0.6571131,0.129234,0.1172486
06037276603,5252,3471,314,622,558,0.0597867,0.6608911,0.1184311,0.1062452
06037276604,3983,2251,374,545,591,0.0938991,0.5651519,0.1368315,0.1483806
06037277000,5395,3569,178,613,753,0.0329935,0.6615385,0.1136237,0.1395737
06037277100,3004,1553,145,402,724,0.048269,0.5169774,0.1338216,0.241012
06037277200,2490,511,803,246,766,0.32249,0.2052209,0.0987952,0.3076305
06037277400,1533,125,827,159,351,0.5394651,0.0815395,0.1037182,0.2289628
06037278001,2458,1212,208,281,626,0.0846216,0.4930838,0.1143206,0.2546786
06037278102,3158,2465,137,154,282,0.0433819,0.7805573,0.048765,0.089297
06037291110,3510,27,1895,22,1477,0.539886,0.0076923,0.0062678,0.4207977
06037291120,2210,41,633,58,1465,0.2864253,0.018552,0.0262443,0.6628959
06037291130,3582,173,668,385,2291,0.186488,0.048297,0.1074819,0.6395868
06037291210,4967,279,672,794,3107,0.1352929,0.0561707,0.159855,0.6255285
06037291220,3353,152,386,563,2184,0.1151208,0.0453325,0.1679093,0.651357
06037291300,2601,428,166,1235,634,0.0638216,0.1645521,0.4748174,0.2437524
06037292000,6543,720,862,899,3909,0.1317438,0.1100413,0.1373987,0.5974324
06037293201,6629,1057,302,1563,3526,0.0455574,0.1594509,0.2357822,0.5319053
06037293202,6742,449,426,909,4702,0.063186,0.0665974,0.1348265,0.6974192
06037293301,2805,785,211,1114,578,0.0752228,0.2798574,0.397148,0.2060606
06037293302,4720,1145,267,1036,2109,0.0565678,0.2425847,0.2194915,0.446822
06037293304,4178,634,297,476,2632,0.0710866,0.1517472,0.1139301,0.6299665
06037293306,2189,986,110,186,825,0.0502513,0.450434,0.0849703,0.3768844
06037293307,2306,356,303,284,1291,0.1313964,0.1543799,0.123157,0.5598439
06037294110,4140,267,51,123,3571,0.0123188,0.0644928,0.0297101,0.8625604
06037294120,2370,33,125,10,2173,0.0527426,0.0139241,0.0042194,0.9168776
06037294200,4951,320,46,126,4344,0.0092911,0.0646334,0.0254494,0.8773985
06037294301,2448,219,33,134,1999,0.0134804,0.0894608,0.0547386,0.816585
06037294302,4754,287,89,113,4178,0.0187211,0.0603702,0.0237695,0.8788389
06037294410,4579,618,1095,781,1875,0.2391352,0.134964,0.1705613,0.4094781
06037294421,2950,257,195,340,2093,0.0661017,0.0871186,0.1152542,0.7094915
06037294510,4214,162,48,48,3916,0.0113906,0.0384433,0.0113906,0.9292833
06037294520,3564,97,34,37,3374,0.0095398,0.0272166,0.0103816,0.9466891
06037294610,4065,168,44,55,3753,0.0108241,0.0413284,0.0135301,0.9232472
06037294620,4219,62,72,29,4029,0.0170657,0.0146954,0.0068737,0.9549656
06037294701,3019,127,183,31,2630,0.0606161,0.0420669,0.0102683,0.8711494
06037294810,3991,65,88,27,3721,0.0220496,0.0162866,0.0067652,0.9323478
06037294820,3579,85,72,17,3376,0.0201174,0.0237497,0.0047499,0.9432802
06037294830,3707,114,143,41,3340,0.0385757,0.0307526,0.0110602,0.9009981
06037294900,3265,118,149,42,2892,0.0456355,0.0361409,0.0128637,0.885758
06037295103,4875,2988,148,501,1058,0.030359,0.6129231,0.1027692,0.2170256
06037296210,3019,191,213,29,2512,0.0705532,0.063266,0.0096058,0.8320636
06037296220,4307,558,492,339,2809,0.1142326,0.1295565,0.0787091,0.6521941
06037296300,4221,1741,267,552,1481,0.0632552,0.4124615,0.1307747,0.3508647
06037296401,3191,1885,122,255,777,0.0382325,0.5907239,0.0799123,0.2434973
06037296402,3091,1181,91,103,1607,0.0294403,0.382077,0.0333225,0.5198965
06037296500,3910,518,357,131,2847,0.0913043,0.1324808,0.0335038,0.728133
06037296600,5218,939,307,147,3696,0.0588348,0.179954,0.0281717,0.7083174
06037296901,4127,1007,266,191,2492,0.0644536,0.2440029,0.0462806,0.6038284
06037296902,3851,1265,256,142,2080,0.0664762,0.3284861,0.0368735,0.5401194
06037297000,5343,3256,150,199,1531,0.0280741,0.6093955,0.037245,0.2865431
06037297110,4679,955,383,148,3019,0.0818551,0.2041034,0.0316307,0.6452233
06037297120,3315,609,181,138,2303,0.0546003,0.1837104,0.041629,0.694721
06037297201,3475,990,255,147,1927,0.0733813,0.2848921,0.0423022,0.5545324
06037297202,3423,1721,125,136,1288,0.0365177,0.5027753,0.0397312,0.3762781
06037297300,2374,1528,107,113,516,0.0450716,0.6436394,0.047599,0.2173547
06037297400,3603,2709,68,159,552,0.0188732,0.7518734,0.0441299,0.1532057
06037297500,5163,3073,187,224,1465,0.0362193,0.5951966,0.0433856,0.2837498
06037297601,2594,1300,289,133,699,0.1114109,0.5011565,0.0512722,0.269468
06037297602,3503,1871,205,152,1130,0.0585213,0.5341136,0.0433914,0.3225806
06037535400,3495,38,415,5,3021,0.1187411,0.0108727,0.0014306,0.8643777
06037701100,746,302,328,17,80,0.4396783,0.4048257,0.0227882,0.1072386
06037800204,6740,5510,80,516,373,0.0118694,0.8175074,0.0765579,0.0553412
06037930401,2471,1848,86,168,270,0.0348037,0.7478754,0.0679887,0.1092675
06037980008,145,28,3,0,114,0.0206897,0.1931034,0,0.7862069
06037980009,14,8,0,0,5,0,0.5714286,0,0.3571429
06037980010,164,47,1,92,23,0.0060976,0.2865854,0.5609756,0.1402439
06037980014,239,183,12,8,32,0.0502092,0.7656904,0.0334728,0.1338912
06037980015,554,109,96,45,271,0.1732852,0.1967509,0.0812274,0.4891697
06037980019,173,123,3,14,27,0.017341,0.7109827,0.0809249,0.1560694
06037980020,0,0,0,0,0,0.0877127510978044,0.29601800898203595,0.11297409021956088,0.47671474760479043
06037980021,33,19,0,9,2,0,0.5757576,0.2727273,0.0606061
06037980022,4,3,0,0,1,0,0.75,0,0.25
06037980023,8,4,0,0,2,0,0.5,0,0.25
06037980024,186,135,3,20,23,0.016129,0.7258065,0.1075269,0.1236559
06037980026,20,17,0,0,1,0,0.85,0,0.05
06037980028,4,0,2,0,2,0.5,0,0,0.5
06037980031,1262,512,221,55,390,0.1751189,0.4057052,0.0435816,0.3090333
