fips,oppzone,city,levratio,medincome,phisp,pblk,mhisp
06067005205,Designated Qualified Opportunity Zone,Sacramento,2.28,30585,0.2316883116883117,0.09298701298701299,Not Majority
06067007204,Designated Qualified Opportunity Zone,Sacramento,3.22,56806,0.25734355044699875,0.10451255853554704,Not Majority
06067009601,Not Designated,Sacramento,3.45,52750,0.2946292340555386,0.21833994507171192,Not Majority
06067007106,Not Designated,Sacramento,2.75,98056,0.2533974744437763,0.10547203848466627,Not Majority
06067005301,Designated Qualified Opportunity Zone,Sacramento,3.3678608695652175,12355,0.3415213946117274,0.30427892234548337,Not Majority
06067007015,Not Designated,Sacramento,2.99,61061,0.2112533008328255,0.17062766605728213,Not Majority
06067005402,Not Designated,Sacramento,3.3678608695652175,41614,0.19731649565903708,0.02999210734017364,Not Majority
06067006900,Designated Qualified Opportunity Zone,Sacramento,3.1,30309,0.30663276117821575,0.14367450731087095,Not Majority
06067003800,Not Designated,Sacramento,3.32,51375,0.35779210047925963,0.263262270699058,Not Majority
06067007018,Not Designated,Sacramento,3.2,57589,0.17722698471859857,0.0380171449869549,Not Majority
06067007102,Not Designated,Sacramento,3.06,73980,0.1170534813319879,0.11579212916246216,Not Majority
06067006702,Designated Qualified Opportunity Zone,Sacramento,3.52,35276,0.3503607503607504,0.17604617604617603,Not Majority
06067007007,Not Designated,Sacramento,3.16,51186,0.5245052709450712,0.0972813020159053,Majority
06067006500,Designated Qualified Opportunity Zone,Sacramento,3.55,36486,0.337178738317757,0.2063376168224299,Not Majority
06067009608,Not Designated,Sacramento,3.25,59500,0.15494011976047903,0.17639720558882235,Not Majority
06067004300,Not Designated,Sacramento,3.33,43819,0.2658864705238981,0.21830908892048562,Not Majority
06067005204,Not Designated,Sacramento,3.02,71595,0.18342233573252845,0.04527513350359879,Not Majority
06067001700,Not Designated,Sacramento,2.67,55197,0.10173431074557483,0.04291078133381012,Not Majority
06067006400,Not Designated,Sacramento,3.05,37724,0.3513011152416357,0.07490706319702602,Not Majority
06067004001,Not Designated,Sacramento,2.82,52500,0.23897474557105164,0.11854504334715417,Not Majority
06067007001,Not Designated,Sacramento,3.27,42269,0.5909794384258236,0.04200751713464515,Majority
06067006701,Not Designated,Sacramento,3.12,45722,0.43077803203661325,0.09393592677345537,Not Majority
06067002400,Not Designated,Sacramento,2.64,123684,0.09310816978548608,0.011866727521679598,Not Majority
06067001600,Not Designated,Sacramento,2.9,100129,0.14579532260739758,0.01957206833637419,Not Majority
06067004004,Not Designated,Sacramento,2.73,89782,0.1601461409651393,0.0922514842441772,Not Majority
06067007004,Designated Qualified Opportunity Zone,Sacramento,3.1,41062,0.45431789737171463,0.16159087748574608,Not Majority
06067005502,Designated Qualified Opportunity Zone,Sacramento,3.3,30245,0.43603470555658114,0.09322503230570427,Not Majority
06067006300,Designated Qualified Opportunity Zone,Sacramento,3.31,33315,0.47030878859857483,0.1191302758998721,Not Majority
06067002200,Designated Qualified Opportunity Zone,Sacramento,2.97,30438,0.31395891690009337,0.19817927170868346,Not Majority
06067009606,Not Designated,Sacramento,3.34,38233,0.24592612710483433,0.2513579576317219,Not Majority
06067007010,Not Designated,Sacramento,2.44,60027,0.25188705619234,0.07296617277047805,Not Majority
06067007020,Not Designated,Sacramento,2.89,83702,0.22263410379415613,0.08744003488879197,Not Majority
06067003000,Not Designated,Sacramento,3.01,60093,0.3277854195323246,0.1782668500687758,Not Majority
06067006800,Not Designated,Sacramento,3.25,22977,0.5620643431635389,0.09262734584450402,Majority
06067003900,Not Designated,Sacramento,2.69,63668,0.24830832597822888,0.04265960576640188,Not Majority
06067003300,Not Designated,Sacramento,2.8,72308,0.12207970682546954,0.05451213925790197,Not Majority
06067002900,Not Designated,Sacramento,2.98,49552,0.3200308463466358,0.05147484094852516,Not Majority
06067000100,Not Designated,Sacramento,2.96,104271,0.05510752688172043,0.00564516129032258,Not Majority
06067003400,Not Designated,Sacramento,2.95,61287,0.23839080459770115,0.11218390804597701,Not Majority
06067007104,Not Designated,Sacramento,2.63,87393,0.18477716574862293,0.1542313470205308,Not Majority
06067006600,Designated Qualified Opportunity Zone,Sacramento,3.43,28e3,0.3810143042912874,0.1908683716225979,Not Majority
06067007103,Not Designated,Sacramento,2.64,72431,0.28601895734597155,0.10402843601895735,Not Majority
06067004005,Not Designated,Sacramento,2.91,67721,0.120763723150358,0.14940334128878283,Not Majority
06067005201,Not Designated,Sacramento,3.3678608695652175,16821,0.36112759643916914,0.15252225519287835,Not Majority
06067007105,Not Designated,Sacramento,3.08,73971,0.20687217194570134,0.08569004524886878,Not Majority
06067004100,Designated Qualified Opportunity Zone,Sacramento,2.91,29635,0.36237203013328184,0.11415877921576202,Not Majority
06067004012,Not Designated,Sacramento,2.6,119615,0.19173038799207023,0.08779382611158312,Not Majority
06067004006,Not Designated,Sacramento,3.25,52292,0.16328560063643596,0.20425616547334924,Not Majority
06067007011,Not Designated,Sacramento,3.1,49896,0.3967090501121915,0.13792071802543007,Not Majority
06067007014,Not Designated,Sacramento,3.16,51835,0.41365196725640346,0.1961975178241352,Not Majority
06067004201,Not Designated,Sacramento,3.19,43365,0.37099073414112615,0.279935851746258,Not Majority
06067005202,Not Designated,Sacramento,2.78,68412,0.23643649815043158,0.04408138101109741,Not Majority
06067004009,Not Designated,Sacramento,2.96,70833,0.17869556327949296,0.17031281946432222,Not Majority
06067004801,Not Designated,Sacramento,3.29,36369,0.2019914651493599,0.11948790896159317,Not Majority
06067009610,Not Designated,Sacramento,3.7,57625,0.2940426887543804,0.2177445046193055,Not Majority
06067004903,Designated Qualified Opportunity Zone,Sacramento,3.16,31529,0.20563991323210412,0.2240057845263919,Not Majority
06067001500,Not Designated,Sacramento,2.77,94276,0.11745447104563127,0.01555146306527522,Not Majority
06067001800,Not Designated,Sacramento,3.25,52451,0.15390997718315702,0.14167185231279816,Not Majority
06067004905,Designated Qualified Opportunity Zone,Sacramento,3.57,40568,0.38531201358426487,0.26319513230507996,Not Majority
06067004008,Not Designated,Sacramento,2.95,82415,0.19066666666666668,0.05733333333333333,Not Majority
06067003202,Not Designated,Sacramento,3.22,33704,0.30256606664113367,0.12926081960934507,Not Majority
06067004010,Not Designated,Sacramento,2.81,41184,0.10976798596217587,0.3265743809709495,Not Majority
06067004202,Not Designated,Sacramento,2.94,36379,0.37880359612724757,0.21161825726141079,Not Majority
06067004203,Designated Qualified Opportunity Zone,Sacramento,3.27,35568,0.33773516642547036,0.2299204052098408,Not Majority
06067006202,Designated Qualified Opportunity Zone,Sacramento,3.7,25972,0.46247404331059033,0.10442005339661821,Not Majority
06067003204,Not Designated,Sacramento,3.57,33519,0.3042113040265977,0.09235315847801995,Not Majority
06067001101,Designated Qualified Opportunity Zone,Sacramento,2.42,27472,0.14014466546112117,0.1057866184448463,Not Majority
06067002100,Designated Qualified Opportunity Zone,Sacramento,3.34,47841,0.23310675729708116,0.037984806077568975,Not Majority
06067000200,Not Designated,Sacramento,2.87,99540,0.15211043270507035,0.01274223520042474,Not Majority
06067009609,Not Designated,Sacramento,3.42,60048,0.2688867745004757,0.1687916270218839,Not Majority
06067000300,Not Designated,Sacramento,2.71,103529,0.13581847649918963,0.002593192868719611,Not Majority
06067003700,Designated Qualified Opportunity Zone,Sacramento,3.43,27765,0.5017712550607287,0.12171052631578948,Majority
06067005403,Not Designated,Sacramento,2.23,65156,0.1899159663865546,0.034453781512605045,Not Majority
06067002700,Not Designated,Sacramento,3.01,31591,0.3205839416058394,0.23737226277372261,Not Majority
06067003600,Not Designated,Sacramento,2.85,38500,0.5287581699346405,0.03562091503267974,Majority
06067003502,Not Designated,Sacramento,2.79,46691,0.2625780389276533,0.0826294528094014,Not Majority
06067003101,Not Designated,Sacramento,2.96,45521,0.5655091917128684,0.0446454625036475,Majority
06067004011,Not Designated,Sacramento,2.8,107083,0.08768971332209106,0.07790893760539629,Not Majority
06067002300,Not Designated,Sacramento,2.84,104301,0.13455296547654175,0.011212747123045146,Not Majority
06067003501,Not Designated,Sacramento,2.88,37733,0.35565356856455493,0.06535685645549319,Not Majority
06067009634,Designated Qualified Opportunity Zone,Sacramento,3.44,37356,0.32577540106951874,0.17411764705882352,Not Majority
06067003102,Not Designated,Sacramento,2.77,42933,0.39275220372184133,0.10022853411687888,Not Majority
06067001900,Not Designated,Sacramento,3.26,42534,0.17353227375932534,0.050924424262082386,Not Majority
06067007012,Not Designated,Sacramento,2.59,51289,0.3746496418561196,0.18748053565867331,Not Majority
06067002000,Not Designated,Sacramento,2.77,32780,0.19174757281553398,0.02750809061488673,Not Majority
06067003203,Not Designated,Sacramento,3.51,32841,0.3205087440381558,0.08744038155802862,Not Majority
06067002500,Not Designated,Sacramento,2.79,100278,0.10632746249184605,0.0273972602739726,Not Majority
06067000400,Not Designated,Sacramento,2.76,55714,0.21841972823351788,0.05435329642677403,Not Majority
06067004906,Not Designated,Sacramento,3.41,45446,0.2871062033127639,0.2536537836960052,Not Majority
06067002600,Not Designated,Sacramento,2.9,79571,0.16890881913303438,0.04484304932735426,Not Majority
06067002800,Designated Qualified Opportunity Zone,Sacramento,3.21,31806,0.46568201563857514,0.24847958297132927,Not Majority
06067000500,Designated Qualified Opportunity Zone,Sacramento,2.62,53977,0.25882352941176473,0.06996904024767801,Not Majority
06067001400,Not Designated,Sacramento,2.92,31368,0.10395434162250305,0.05666530778638402,Not Majority
06067001300,Not Designated,Sacramento,3.14,46713,0.1694471704285247,0.07196597971867845,Not Majority
06067009633,Not Designated,Sacramento,3.12,41477,0.3437762237762238,0.17454545454545456,Not Majority
06067001200,Not Designated,Sacramento,3.01,35674,0.13774709758393475,0.07279573266394729,Not Majority
06067007013,Not Designated,Sacramento,3.26,60551,0.3854625550660793,0.17180616740088106,Not Majority
06067000800,Not Designated,Sacramento,2.88,60571,0.10695876288659793,0.05219072164948454,Not Majority
06067000700,Designated Qualified Opportunity Zone,Sacramento,3.3678608695652175,12171,0.23255813953488372,0.3063352044907779,Not Majority
06067000600,Not Designated,Sacramento,2.51,22106,0.18671875,0.26875,Not Majority
06085504602,Not Designated,San Jose,3.22,77734,0.5007664793050588,0.032703117015840576,Majority
06085512001,Not Designated,San Jose,3.26,154322,0.20401785714285714,0.019345238095238096,Not Majority
06085505006,Not Designated,San Jose,3.15,151180,0.05519529482732619,0.024129090634896697,Not Majority
06085503334,Not Designated,San Jose,3.28,211442,0.08330428720808644,0.016265830138259555,Not Majority
06085503332,Not Designated,San Jose,3.22,82092,0.11113132048017461,0.010367406329574391,Not Majority
06085505100,Designated Qualified Opportunity Zone,San Jose,3.6,64676,0.3628421665695981,0.025917297612114153,Not Majority
06085503115,Not Designated,San Jose,3.5,100924,0.1938082451429474,0.013583951982309272,Not Majority
06085504318,Not Designated,San Jose,3.48,57177,0.3775161412837068,0.007026205848841625,Not Majority
06085503326,Not Designated,San Jose,3.2,170903,0.11917525773195876,0.0347766323024055,Not Majority
06085512033,Not Designated,San Jose,3.61,117386,0.3272914824638963,0.04804008252284114,Not Majority
06085503122,Designated Qualified Opportunity Zone,San Jose,3.6,21978,0.3159113463446907,0.06615944426066821,Not Majority
06085505009,Not Designated,San Jose,2.91,100425,0.3218514531754575,0.05005382131324004,Not Majority
06085504322,Not Designated,San Jose,3.28,121625,0.11248258013139557,0.02349193708938881,Not Majority
06085502702,Not Designated,San Jose,3.35,103417,0.15249574217214726,0.026857067994235557,Not Majority
06085500300,Not Designated,San Jose,3.11,110345,0.22849604221635883,0.07150395778364116,Not Majority
06085512032,Not Designated,San Jose,3.69,112159,0.3607892264328218,0.021609771374882555,Not Majority
06085511914,Not Designated,San Jose,3.27,138676,0.0764685436218283,0.005561348627042058,Not Majority
06085502400,Not Designated,San Jose,3.56,124028,0.17635355975557765,0.04618445360238738,Not Majority
06085502902,Not Designated,San Jose,3.28,123150,0.21440085975282105,0.003492745835572273,Not Majority
06085506202,Not Designated,San Jose,3.24,123713,0.07267441860465117,0.017995570321151715,Not Majority
06085502500,Not Designated,San Jose,3.54,146875,0.15065502183406113,0.0028072364316905803,Not Majority
06085506604,Not Designated,San Jose,3.38,113622,0.08139856274184633,0.003869541182974019,Not Majority
06085511912,Not Designated,San Jose,3.23,163846,0.05459288242966275,0.01267002049562139,Not Majority
06085512005,Not Designated,San Jose,3.61,114669,0.2566212778692204,0.016758940595540926,Not Majority
06085503305,Designated Qualified Opportunity Zone,San Jose,4.19,73819,0.47099404201944184,0.019441831295076827,Not Majority
06085512035,Not Designated,San Jose,3.55,120482,0.33201494177103935,0.04504504504504504,Not Majority
06085512017,Not Designated,San Jose,3.64,78792,0.48360565851518805,0.043645136528128084,Not Majority
06085506803,Not Designated,San Jose,3.48,125417,0.15180923332871205,0.003327325661999168,Not Majority
06085503108,Not Designated,San Jose,3.21,85557,0.3759574993822585,0.04212997281937238,Not Majority
06085511910,Not Designated,San Jose,3.47,198068,0.0160741885625966,0.025656877897990725,Not Majority
06085503121,Not Designated,San Jose,3.49,50893,0.5870044052863436,0.04162995594713657,Majority
06085504311,Not Designated,San Jose,3.39,127348,0.057617728531855955,0.002493074792243767,Not Majority
06085500500,Not Designated,San Jose,3.26,130469,0.20014245014245013,0.010861823361823363,Not Majority
06085502908,Not Designated,San Jose,3.53,135110,0.19177086362314627,0.010468159348647864,Not Majority
06085504319,Not Designated,San Jose,3.29,103153,0.14258477461527985,0.010758545553588452,Not Majority
06085503333,Not Designated,San Jose,3.56,139914,0.2104787714543812,0.023261065943992774,Not Majority
06085512045,Not Designated,San Jose,3.55,108289,0.26890611541774334,0.03479758828596038,Not Majority
06085506802,Not Designated,San Jose,3.34,117204,0.1251736111111111,0.011458333333333333,Not Majority
06085506302,Not Designated,San Jose,3.35,107500,0.2047936462913062,0.026946532406750816,Not Majority
06085503321,Not Designated,San Jose,3.53,105e3,0.15216511533791988,0.028733306353702956,Not Majority
06085500100,Not Designated,San Jose,3.49,81125,0.5943251533742331,0.02147239263803681,Majority
06085512029,Not Designated,San Jose,3.54,116699,0.2492173676330475,0.01823873689941473,Not Majority
06085502101,Not Designated,San Jose,3.38,98867,0.19155206286836934,0.01768172888015717,Not Majority
06085503003,Not Designated,San Jose,3.63,13e4,0.18398851193681565,0.025489140190271046,Not Majority
06085511913,Not Designated,San Jose,3.34,164375,0.14943587381994014,0.0016117890858853327,Not Majority
06085502903,Not Designated,San Jose,3.51,140563,0.21098157201955622,0.028958254983076345,Not Majority
06085502901,Not Designated,San Jose,3.52,100285,0.27650858673389,0.01386481802426343,Not Majority
06085511916,Not Designated,San Jose,3.37,116250,0.14160033514872225,0.020737327188940093,Not Majority
06085506204,Not Designated,San Jose,3.37,98438,0.0923182914226662,0.022390630382363073,Not Majority
06085502102,Not Designated,San Jose,3.46,54606,0.5378140207812705,0.05695120347231356,Majority
06085503214,Not Designated,San Jose,3.75,38851,0.47260748959778087,0.015487748497457236,Not Majority
06085503105,Not Designated,San Jose,3.62,37404,0.22004264392324094,0.003411513859275053,Not Majority
06085502701,Not Designated,San Jose,3.34,9e4,0.2183814558763725,0.03233021553477023,Not Majority
06085511907,Not Designated,San Jose,3.3,141161,0.10096035459246491,0.019945826151194286,Not Majority
06085503001,Not Designated,San Jose,3.34,150652,0.10887096774193548,0,Not Majority
06085504307,Not Designated,San Jose,3.49,98667,0.13991031390134528,0.036771300448430494,Not Majority
06085500200,Not Designated,San Jose,3.28,91851,0.40596586377412663,0.051044823735843035,Not Majority
06085512027,Not Designated,San Jose,3.53,77455,0.27961985216473073,0.04012671594508976,Not Majority
06085503212,Not Designated,San Jose,3.77,93477,0.2796252927400468,0.03653395784543326,Not Majority
06085505800,Not Designated,San Jose,3.33,105e3,0.2553191489361702,0.007524649714582252,Not Majority
06085503802,Not Designated,San Jose,3.59,87778,0.3937319884726225,0.03025936599423631,Not Majority
06085503306,Not Designated,San Jose,4.21,63636,0.6103835360149673,0.025023386342376053,Majority
06085505008,Not Designated,San Jose,3.3678608695652175,127332,0.09954086317722681,0.04003673094582186,Not Majority
06085500800,Designated Qualified Opportunity Zone,San Jose,2.87,82344,0.3537876730925876,0.04018463209340212,Not Majority
06085512047,Not Designated,San Jose,3.63,114242,0.26623970722781337,0.00860018298261665,Not Majority
06085503315,Not Designated,San Jose,3.77,77188,0.34070048309178746,0.034541062801932365,Not Majority
06085512021,Not Designated,San Jose,3.73,91189,0.25044635611102095,0.018990423632527186,Not Majority
06085503313,Not Designated,San Jose,3.24,145045,0.22505023442732752,0.02589863808885912,Not Majority
06085512024,Not Designated,San Jose,3.36,90795,0.2713080168776371,0.08291139240506329,Not Majority
06085504315,Not Designated,San Jose,3.32,95625,0.1507664831076053,0.016371483851763655,Not Majority
06085503210,Not Designated,San Jose,3.7,70500,0.39746204396102425,0.011783367323815998,Not Majority
06085501800,Not Designated,San Jose,3.72,92574,0.4893816951700808,0.0058259725615485815,Not Majority
06085506601,Not Designated,San Jose,3.21,94306,0.21797520661157024,0.028925619834710745,Not Majority
06085502906,Not Designated,San Jose,3.54,86902,0.16551406177962194,0.016828031350852927,Not Majority
06085501900,Not Designated,San Jose,3.3,82417,0.30373397733605795,0.025264722273825004,Not Majority
06085512052,Not Designated,San Jose,3.52,91667,0.23803446075303128,0.018506700701978303,Not Majority
06085503804,Not Designated,San Jose,3.6,75805,0.2889816663641314,0.011617353421673625,Not Majority
06085507903,Not Designated,San Jose,3.25,147e3,0.04482412060301508,0.006030150753768844,Not Majority
06085504321,Not Designated,San Jose,3.58,100048,0.1739612188365651,0.0035087719298245615,Not Majority
06085504314,Not Designated,San Jose,3.27,102254,0.24560678106264214,0.026462683481496795,Not Majority
06085506301,Not Designated,San Jose,3.31,84683,0.14967695620961952,0.07609475951184494,Not Majority
06085506402,Not Designated,San Jose,3.41,77089,0.3334419817470665,0.05492177314211213,Not Majority
06085503327,Not Designated,San Jose,3.6,84875,0.28349900596421473,0.027634194831013918,Not Majority
06085507905,Not Designated,San Jose,3.41,130047,0.04274465691788527,0,Not Majority
06085503304,Not Designated,San Jose,3.67,62955,0.4255647537533324,0.04111126701276835,Not Majority
06085503322,Not Designated,San Jose,3.65,108854,0.40386323268206037,0.03907637655417407,Not Majority
06085512038,Not Designated,San Jose,3.45,89297,0.3508939974457216,0.06257982120051085,Not Majority
06085512039,Not Designated,San Jose,3.6,106217,0.29060887512899897,0.06563467492260062,Not Majority
06085507906,Not Designated,San Jose,3.48,154432,0.014065934065934066,0,Not Majority
06085512031,Not Designated,San Jose,3.46,118618,0.24684849873939949,0.004354801741920697,Not Majority
06085503204,Not Designated,San Jose,3.8,65350,0.46828537811530646,0.036902342496523695,Not Majority
06085502601,Not Designated,San Jose,3.49,124539,0.1368765926465235,0,Not Majority
06085504411,Not Designated,San Jose,3.39,100701,0.1918204849800941,0.009048136083966703,Not Majority
06085503331,Not Designated,San Jose,3.49,86705,0.2247995418098511,0.052691867124856816,Not Majority
06085503002,Not Designated,San Jose,3.38,116e3,0.25672645739910316,0.04344170403587444,Not Majority
06085503601,Designated Qualified Opportunity Zone,San Jose,3.79,51910,0.5424304141208418,0,Majority
06085504102,Not Designated,San Jose,4.16,73958,0.7573770491803279,0.01,Majority
06085500600,Not Designated,San Jose,3.3,93547,0.23020329138431753,0.060406582768635045,Not Majority
06085512025,Not Designated,San Jose,3.34,105491,0.18494220556076227,0.0471727585129647,Not Majority
06085503207,Not Designated,San Jose,3.56,97250,0.1508600650860065,0.03091585309158531,Not Majority
06085506401,Not Designated,San Jose,3.45,86056,0.2668071250718253,0.06876077379812297,Not Majority
06085502909,Not Designated,San Jose,3.55,91571,0.29929707732149463,0.033296337402885685,Not Majority
06085506603,Not Designated,San Jose,3.65,121833,0.13636363636363635,0.008898508898508899,Not Majority
06085507904,Not Designated,San Jose,3.26,185192,0.025925925925925925,0.010802469135802469,Not Majority
06085504323,Not Designated,San Jose,3.34,96250,0.11213872832369942,0.007431874483897605,Not Majority
06085511905,Not Designated,San Jose,3.26,135972,0.09805153991200503,0,Not Majority
06085502907,Not Designated,San Jose,3.27,133598,0.15828285488543586,0.019489070318672638,Not Majority
06085501102,Not Designated,San Jose,3.67,82228,0.6201738427329695,0.022437841115827774,Majority
06085502301,Not Designated,San Jose,3.33,123942,0.1569239500567537,0.03887627695800227,Not Majority
06085512030,Not Designated,San Jose,3.39,135078,0.22266401590457258,0.028495692511597084,Not Majority
06085501600,Designated Qualified Opportunity Zone,San Jose,3.45,54269,0.4075588774502891,0.05105062755605697,Not Majority
06085503708,Not Designated,San Jose,3.81,71157,0.22095238095238096,0.01638095238095238,Not Majority
06085503602,Not Designated,San Jose,4.04,49796,0.6286204268292683,0.04801829268292683,Majority
06085504317,Not Designated,San Jose,3.74,102404,0.08677855096193204,0.0018419975440032747,Not Majority
06085502910,Not Designated,San Jose,3.55,86445,0.2513274336283186,0.009144542772861357,Not Majority
06085503329,Not Designated,San Jose,3.18,170071,0.12880434782608696,0.025815217391304348,Not Majority
06085503208,Not Designated,San Jose,3.88,87917,0.6364812419146184,0.023070288917636912,Majority
06085503116,Not Designated,San Jose,3.19,67197,0.12106446776611694,0.004872563718140929,Not Majority
06085504001,Not Designated,San Jose,3.93,66875,0.7464297048556015,0.015074579498571881,Majority
06085503112,Not Designated,San Jose,3.13,54048,0.5006435006435006,0.03474903474903475,Majority
06085503323,Not Designated,San Jose,3.78,110216,0.33992689744141047,0.04966673833584175,Not Majority
06085502202,Not Designated,San Jose,3.19,104643,0.18535539215686275,0.003676470588235294,Not Majority
06085511915,Not Designated,San Jose,3.52,50781,0.3735725938009788,0.10630777596519848,Not Majority
06085503504,Not Designated,San Jose,4.33,71404,0.7326717320514808,0.0021708792060784617,Majority
06085503325,Not Designated,San Jose,3.62,115625,0.20963461931006327,0.009797917942437232,Not Majority
06085504410,Not Designated,San Jose,3.46,87647,0.11905781584582441,0.042184154175588864,Not Majority
06085504316,Not Designated,San Jose,3.45,100536,0.20829476022958712,0.036104425106461766,Not Majority
06085503213,Not Designated,San Jose,3.96,42500,0.3291082944185012,0.00355792750722704,Not Majority
06085501700,Not Designated,San Jose,3.95,39780,0.8167202572347267,0.009043408360128617,Majority
06085506304,Not Designated,San Jose,3.6,78147,0.3170856849666496,0.023430819223533437,Not Majority
06085506305,Not Designated,San Jose,3.14,51161,0.3565766294773928,0.11112742219612448,Not Majority
06085512053,Not Designated,San Jose,3.35,85495,0.3445635528330781,0.07613213738788012,Not Majority
06085506203,Not Designated,San Jose,3.38,89583,0.1428785382656882,0.03504567919724427,Not Majority
06085503509,Not Designated,San Jose,3.8,86181,0.586046511627907,0.024806201550387597,Majority
06085512019,Not Designated,San Jose,3.51,102595,0.25387438825448616,0.07300163132137032,Not Majority
06085503211,Not Designated,San Jose,4.04,78287,0.2563884156729131,0.012137989778534924,Not Majority
06085512020,Not Designated,San Jose,3.63,85123,0.3407427487123882,0.01152073732718894,Not Majority
06085503803,Not Designated,San Jose,3.56,83173,0.14096916299559473,0.011537654709460877,Not Majority
06085504002,Not Designated,San Jose,3.97,57188,0.6541053921568627,0.017463235294117647,Majority
06085512034,Not Designated,San Jose,3.49,117841,0.3318804483188045,0.007783312577833126,Not Majority
06085503510,Not Designated,San Jose,3.93,56051,0.7144267149202171,0.027800625102812962,Majority
06085512022,Not Designated,San Jose,3.57,64231,0.40336711905170936,0.04758632537364714,Not Majority
06085501401,Designated Qualified Opportunity Zone,San Jose,3.49,44052,0.7169597277368123,0.03516732841747022,Majority
06085500400,Not Designated,San Jose,3.32,66354,0.3868431940422011,0.024824162184526273,Not Majority
06085506605,Not Designated,San Jose,3.48,79345,0.27290353853611243,0.02593310712554532,Not Majority
06085503508,Not Designated,San Jose,4.07,67180,0.7122322435174746,0.0346674182638106,Majority
06085503506,Not Designated,San Jose,4.06,60733,0.6142164781906301,0.012116316639741519,Majority
06085512037,Not Designated,San Jose,3.66,119886,0.23871951219512194,0.019817073170731708,Not Majority
06085502201,Not Designated,San Jose,3.19,57667,0.3185419968304279,0.0655525140469673,Not Majority
06085512023,Not Designated,San Jose,3.34,78100,0.4661471018022406,0.11462899821399578,Not Majority
06085503711,Not Designated,San Jose,4,65703,0.8109684947491248,0.003500583430571762,Majority
06085504320,Not Designated,San Jose,3.58,110875,0.05967005967005967,0.016848016848016848,Not Majority
06085503111,Not Designated,San Jose,4.21,84076,0.4470230169298079,0.0374738443979456,Not Majority
06085503903,Not Designated,San Jose,3.67,65250,0.5215337593776049,0.020839121978327314,Majority
06085503336,Not Designated,San Jose,3.65,88681,0.4021304926764314,0.02822902796271638,Not Majority
06085512043,Not Designated,San Jose,3.76,51e3,0.6224637681159421,0.051594202898550726,Majority
06085503709,Not Designated,San Jose,3.84,29545,0.3882933469457206,0.012761613067891782,Not Majority
06085502002,Not Designated,San Jose,3.65,46046,0.6656948493683188,0.03770651117589893,Majority
06085506501,Not Designated,San Jose,3.24,49539,0.46462052138179016,0.04122255040452035,Not Majority
06085501502,Not Designated,San Jose,3.25,63516,0.6775873291386418,0.022347580820134518,Majority
06085503402,Not Designated,San Jose,3.82,54221,0.6587848932676519,0.010180623973727421,Majority
06085501200,Not Designated,San Jose,3.56,69583,0.5539456085599643,0.03566651805617477,Majority
06085503511,Not Designated,San Jose,4.15,97862,0.4196850393700787,0.027559055118110236,Not Majority
06085503324,Not Designated,San Jose,3.21,114643,0.14643652561247217,0.026169265033407572,Not Majority
06085512036,Not Designated,San Jose,3.39,102200,0.24458715596330274,0.03614678899082569,Not Majority
06085501000,Designated Qualified Opportunity Zone,San Jose,3.33,37988,0.48956315902732944,0.03744351194318916,Not Majority
06085503110,Designated Qualified Opportunity Zone,San Jose,3.43,44780,0.6713081714913888,0.01282521069989007,Majority
06085503707,Not Designated,San Jose,3.99,81977,0.5358405657344906,0.04178720668595307,Majority
06085503337,Not Designated,San Jose,3.14,82946,0.24386339381003203,0.030416221985058698,Not Majority
06085503401,Designated Qualified Opportunity Zone,San Jose,4,60455,0.7325731497418244,0.007314974182444062,Majority
06085501300,Not Designated,San Jose,3.3,82019,0.26907103825136613,0.06316939890710382,Not Majority
06085500901,Designated Qualified Opportunity Zone,San Jose,3.23,61458,0.18331692913385828,0.0703740157480315,Not Majority
06085503113,Not Designated,San Jose,3.69,55331,0.8172214470799283,0.0281044448873829,Majority
06085503123,Not Designated,San Jose,3.49,43785,0.42223368583956666,0.07299458344080474,Not Majority
06085503703,Not Designated,San Jose,3.93,60877,0.7023593466424682,0.047867513611615245,Majority
06085502302,Not Designated,San Jose,3.35,83507,0.24493423391397084,0.009242801279772485,Not Majority
06085501101,Not Designated,San Jose,3.16,71852,0.40354718633676373,0.07948324939785417,Not Majority
06085503712,Not Designated,San Jose,3.35,31903,0.46779744346116026,0.014503441494591937,Not Majority
06085512042,Not Designated,San Jose,3.63,68500,0.41936632253470985,0.04485582057671769,Not Majority
06085501501,Not Designated,San Jose,3.84,41308,0.6708418891170431,0.011498973305954825,Majority
06085503710,Not Designated,San Jose,4.1,31667,0.6280155642023346,0.005706874189364461,Majority
06085503217,Not Designated,San Jose,3.94,63258,0.6930308604128347,0.020846106683016553,Majority
06085503218,Not Designated,San Jose,4.61,41086,0.8026851098454028,0,Majority
06085503118,Not Designated,San Jose,3.48,66056,0.468573510657679,0.05155766077609765,Not Majority
06085501402,Not Designated,San Jose,3.46,46644,0.7409436834094368,0.01004566210045662,Majority
06085503117,Not Designated,San Jose,3.98,48636,0.5378447722899294,0.012508017960230917,Majority
06085503713,Not Designated,San Jose,3.44,29390,0.5822222222222222,0.02126984126984127,Majority
06085503507,Not Designated,San Jose,4.5,104219,0.7769472856018883,0.02006294256490952,Majority
06085500902,Not Designated,San Jose,3.3678608695652175,30682,0.25621850105673877,0.06779385465777922,Not Majority
06001409000,Designated Qualified Opportunity Zone,Oakland,3.19,44125,0.5322494669509595,0.34914712153518124,Majority
06001401700,Designated Qualified Opportunity Zone,Oakland,3.07,66308,0.3142963792459873,0.23964165733482642,Not Majority
06001408100,Not Designated,Oakland,3.11,103670,0.1117140121289499,0.22438557293329078,Not Majority
06001410000,Not Designated,Oakland,3.51,107083,0.06358560794044665,0.43858560794044665,Not Majority
06001400100,Not Designated,Oakland,3.01,177417,0.027501656726308814,0.030483764082173626,Not Majority
06001981900,Not Designated,Oakland,3.3678608695652175,105714,0,0,Not Majority
06001404600,Not Designated,Oakland,3.31,163322,0.03772716816195077,0.04646882907752473,Not Majority
06001409900,Not Designated,Oakland,3.37,97689,0.14728906929544797,0.46941142360104376,Not Majority
06001404400,Not Designated,Oakland,3.04,150074,0.06624722427831237,0.020355292376017766,Not Majority
06001404502,Not Designated,Oakland,3.1,133068,0.08125115676476032,0.049046825837497685,Not Majority
06001404200,Not Designated,Oakland,3.16,169519,0.049589041095890414,0.13561643835616438,Not Majority
06001406000,Designated Qualified Opportunity Zone,Oakland,2.93,30909,0.1006672468813461,0.17812590658543662,Not Majority
06001407300,Designated Qualified Opportunity Zone,Oakland,3.59,53214,0.5365853658536586,0.10635745701719312,Majority
06001406100,Designated Qualified Opportunity Zone,Oakland,2.85,44485,0.6148914167528439,0.0860392967942089,Majority
06001408000,Not Designated,Oakland,3.08,158917,0.11683096020445419,0.1661190215407083,Not Majority
06001404300,Not Designated,Oakland,3.16,193523,0.10753980174226495,0.04956443376389306,Not Majority
06001409800,Not Designated,Oakland,3.47,63598,0.15248447204968943,0.5624223602484472,Not Majority
06001406700,Not Designated,Oakland,3.13,73167,0.13443348762326424,0.11390621855504125,Not Majority
06001982000,Not Designated,Oakland,3.13,160417,0.25862068965517243,0,Not Majority
06001408300,Not Designated,Oakland,3.58,81695,0.20915165013160558,0.4201255314841061,Not Majority
06001405100,Not Designated,Oakland,3.09,182153,0.03188745603751465,0.16014067995310668,Not Majority
06001403400,Not Designated,Oakland,2.59,51172,0.08623853211009175,0.2194954128440367,Not Majority
06001409400,Not Designated,Oakland,3.37,39189,0.5851063829787234,0.25,Majority
06001407800,Not Designated,Oakland,3.68,80368,0.16476645825671202,0.302317028319235,Not Majority
06001404700,Not Designated,Oakland,2.85,159107,0.07756232686980609,0.05263157894736842,Not Majority
06001408800,Designated Qualified Opportunity Zone,Oakland,3.82,23598,0.5452110901071203,0.29930686830497794,Majority
06001401000,Designated Qualified Opportunity Zone,Oakland,3.79,51073,0.22283222993702567,0.3321492007104796,Not Majority
06001408700,Designated Qualified Opportunity Zone,Oakland,3.65,43649,0.49690641918020106,0.411317349832431,Not Majority
06001404501,Not Designated,Oakland,3.23,181484,0.08169934640522876,0.04411764705882353,Not Majority
06001400300,Not Designated,Oakland,3.1,85313,0.07372039724980901,0.11573720397249809,Not Majority
06001407900,Not Designated,Oakland,3.4,100927,0.12317192070198245,0.18069548261293467,Not Majority
06001409300,Not Designated,Oakland,3.29,34830,0.6004813477737665,0.2954271961492178,Majority
06001408600,Designated Qualified Opportunity Zone,Oakland,3.91,30696,0.5589637635092181,0.3205657978385251,Majority
06001403300,Designated Qualified Opportunity Zone,Oakland,2.99,52246,0.07597980283722049,0.09641740803077663,Not Majority
06001407600,Not Designated,Oakland,3.63,53300,0.28368240075023443,0.4048140043763676,Not Majority
06001404900,Not Designated,Oakland,3.33,84375,0.1146433041301627,0.10588235294117647,Not Majority
06001407700,Not Designated,Oakland,3.57,70938,0.12676382142030998,0.4774462179042332,Not Majority
06001406800,Not Designated,Oakland,3,94167,0.1435544071202986,0.11627906976744186,Not Majority
06001408200,Not Designated,Oakland,3.81,51135,0.1617011052378664,0.5088899567515618,Not Majority
06001401100,Not Designated,Oakland,3.22,71205,0.10995650072498792,0.16167230546157563,Not Majority
06001400700,Not Designated,Oakland,3.47,46424,0.16520210896309315,0.3714850615114236,Not Majority
06001406900,Not Designated,Oakland,2.95,65556,0.13888192529456003,0.19879669089997493,Not Majority
06001407000,Not Designated,Oakland,3.31,43125,0.30227041680786176,0.18502202643171806,Not Majority
06001401300,Not Designated,Oakland,3.01,37123,0.1272635814889336,0.3241951710261569,Not Majority
06001405200,Not Designated,Oakland,2.87,75417,0.1655226515002942,0.10806040400078447,Not Majority
06001409500,Designated Qualified Opportunity Zone,Oakland,4.16,31682,0.6071757129714811,0.28081876724931004,Majority
06001408500,Designated Qualified Opportunity Zone,Oakland,3.94,47841,0.6097094136070994,0.305898729772055,Majority
06001405000,Not Designated,Oakland,3.12,122237,0.0769704433497537,0.09482758620689655,Not Majority
06001409700,Designated Qualified Opportunity Zone,Oakland,3.56,38357,0.5053704715091936,0.4012379391953395,Majority
06001408900,Designated Qualified Opportunity Zone,Oakland,4.37,26379,0.6051529790660225,0.27375201288244766,Majority
06001410100,Not Designated,Oakland,3.65,59239,0.17227505486466715,0.6294806144842722,Not Majority
06001401400,Designated Qualified Opportunity Zone,Oakland,3.98,25985,0.27872444011684516,0.3943524829600779,Not Majority
06001406601,Not Designated,Oakland,3.48,48467,0.26618407445708375,0.28852119958634953,Not Majority
06001409600,Not Designated,Oakland,3.93,37349,0.6382407598595912,0.2659508569068759,Majority
06001406500,Not Designated,Oakland,3.41,41346,0.4873745056282324,0.16626102829327655,Not Majority
06001410500,Designated Qualified Opportunity Zone,Oakland,3.05,22596,0.08250108554059922,0.6248371689101172,Not Majority
06001409200,Not Designated,Oakland,3.7,46250,0.4755791236394083,0.3463578007256489,Not Majority
06001407200,Designated Qualified Opportunity Zone,Oakland,4.01,37319,0.687726723095526,0.08207376058041113,Majority
06001402200,Designated Qualified Opportunity Zone,Oakland,3.33,45400,0.22651704073150458,0.3192019950124688,Not Majority
06001410400,Not Designated,Oakland,3.55,66555,0.43434792268384803,0.3968007109531215,Not Majority
06001400400,Not Designated,Oakland,3.19,99539,0.0637736753776073,0.09829777031886838,Not Majority
06001400800,Not Designated,Oakland,3.21,61111,0.12007986309184256,0.311751283513976,Not Majority
06001401200,Not Designated,Oakland,2.94,83208,0.1675592960979342,0.14001530221882172,Not Majority
06001403501,Not Designated,Oakland,3.77,37032,0.12018038331454341,0.23878241262683203,Not Majority
06001407102,Not Designated,Oakland,3.45,47660,0.47695530726256985,0.19669459962756053,Not Majority
06001983200,Not Designated,Oakland,2.91,131250,0.15734265734265734,0.08041958041958042,Not Majority
06001403800,Not Designated,Oakland,3.07,85313,0.0842612097502257,0.07643695455913331,Not Majority
06001401600,Designated Qualified Opportunity Zone,Oakland,2.82,36544,0.21997238840312933,0.3281178094799816,Not Majority
06001404800,Not Designated,Oakland,3.43,61875,0.09626436781609195,0.19181034482758622,Not Majority
06001400200,Not Designated,Oakland,3.21,153125,0.1076530612244898,0.005612244897959183,Not Majority
06001400500,Not Designated,Oakland,3.04,83650,0.12966915688367128,0.2518676627534685,Not Majority
06001410200,Not Designated,Oakland,3.77,49200,0.38648488441019563,0.471547125074096,Not Majority
06001410300,Not Designated,Oakland,3.88,39524,0.6462931522354273,0.24250141482739107,Majority
06001404101,Not Designated,Oakland,3.29,86635,0.06777533730781299,0.05522434891747725,Not Majority
06001406400,Not Designated,Oakland,3.15,59500,0.1618575293056808,0.2601442741208296,Not Majority
06001405700,Not Designated,Oakland,3,48851,0.23723318022156173,0.32315590380978115,Not Majority
06001408400,Designated Qualified Opportunity Zone,Oakland,4.11,30213,0.45381911153723237,0.3867050175775008,Not Majority
06001405800,Not Designated,Oakland,3.44,44375,0.20368185036582487,0.2402643379749823,Not Majority
06001407400,Not Designated,Oakland,3.7,47656,0.6662174303683738,0.1623989218328841,Majority
06001403900,Not Designated,Oakland,2.79,73125,0.04037582529202641,0.17039106145251395,Not Majority
06001407500,Not Designated,Oakland,4.06,24869,0.4889312068555106,0.3549154963104023,Not Majority
06001409100,Not Designated,Oakland,4.04,4e4,0.40182270091135047,0.3864954432477216,Not Majority
06001405902,Designated Qualified Opportunity Zone,Oakland,4.32,32833,0.2883280757097792,0.09495268138801262,Not Majority
06001406300,Not Designated,Oakland,4.11,43307,0.31195756991321116,0.15814850530376084,Not Majority
06001401500,Designated Qualified Opportunity Zone,Oakland,3.11,48903,0.12053742802303263,0.38733205374280233,Not Majority
06001405901,Designated Qualified Opportunity Zone,Oakland,3.53,31607,0.36477987421383645,0.1872816212438854,Not Majority
06001405600,Not Designated,Oakland,3.37,53063,0.21442185514612452,0.17376111817026685,Not Majority
06001400900,Not Designated,Oakland,3.4,55691,0.11671087533156499,0.3244916003536693,Not Majority
06001406602,Not Designated,Oakland,3.82,53162,0.2526201662450307,0.17672569569931335,Not Majority
06001405500,Not Designated,Oakland,3.58,50225,0.11866471734892788,0.17982456140350878,Not Majority
06001406201,Designated Qualified Opportunity Zone,Oakland,3.02,37336,0.44273743016759776,0.1634078212290503,Not Majority
06001402700,Designated Qualified Opportunity Zone,Oakland,3.03,44792,0.22837370242214533,0.3558246828143022,Not Majority
06001402800,Designated Qualified Opportunity Zone,Oakland,2.94,17363,0.08873091100579253,0.416535018430753,Not Majority
06001406202,Designated Qualified Opportunity Zone,Oakland,3.69,33583,0.6388532306375695,0.10034231921266581,Majority
06001403600,Not Designated,Oakland,3.11,70600,0.12607872026941697,0.28878130919806355,Not Majority
06001402900,Not Designated,Oakland,2.95,28854,0.11997126436781609,0.20545977011494254,Not Majority
06001404000,Not Designated,Oakland,2.84,77065,0.1466575716234652,0.060368349249658934,Not Majority
06001407101,Not Designated,Oakland,4.1,51691,0.47484454494064443,0.13001695873374788,Not Majority
06001402500,Designated Qualified Opportunity Zone,Oakland,3.05,23693,0.19258046917621385,0.6388434260774686,Not Majority
06001403000,Not Designated,Oakland,2.35,19490,0.01768234922639722,0.04389011682980739,Not Majority
06001403100,Not Designated,Oakland,2.9,51184,0.09936083672283556,0.17547937245787332,Not Majority
06001402400,Designated Qualified Opportunity Zone,Oakland,3.44,33724,0.0854670032455824,0.5549945906959971,Not Majority
06001402600,Designated Qualified Opportunity Zone,Oakland,2.7,22955,0.07389937106918239,0.25707547169811323,Not Majority
06001405401,Not Designated,Oakland,3.37,39712,0.24736970883288475,0.17372155615365795,Not Majority
06001401800,Not Designated,Oakland,3.21,28185,0.19346195069667738,0.42765273311897106,Not Majority
06001400600,Not Designated,Oakland,3.1,61597,0.09512341962673089,0.35159542444310654,Not Majority
06001405402,Not Designated,Oakland,2.96,33555,0.13862303179993826,0.28650818153751156,Not Majority
06001404102,Not Designated,Oakland,3.45,77303,0.08941755537325677,0.10828547990155865,Not Majority
06001405301,Not Designated,Oakland,2.95,60928,0.11831666091755778,0.25284580889962055,Not Majority
06001405302,Not Designated,Oakland,3.3678608695652175,35638,0.20107033639143732,0.12270642201834862,Not Majority
06001403702,Not Designated,Oakland,3.05,78266,0.12185495806610755,0.0863344844597928,Not Majority
06001403502,Not Designated,Oakland,2.92,67672,0.0826525708793849,0.20326765977895242,Not Majority
06001403701,Not Designated,Oakland,3.19,66086,0.10526315789473684,0.17168784029038112,Not Majority
06075980401,Not Designated,San Francisco,3.3678608695652175,80308.69463087249,0.24470460712934772,0.09278782227129416,Not Majority
06075017902,Designated Qualified Opportunity Zone,San Francisco,3.3678608695652175,49271,0.31715210355987056,0.19967637540453073,Not Majority
06075990100,Not Designated,San Francisco,3.3678608695652175,80308.69463087249,0.24470460712934772,0.09278782227129416,Not Majority
06075060100,Not Designated,San Francisco,3.3678608695652175,175259,0.08934169278996865,0.002612330198537095,Not Majority
06075060400,Not Designated,San Francisco,3.18,44200,0.09265944645006016,0.03790613718411552,Not Majority
06075047901,Not Designated,San Francisco,3.42,67407,0.08061224489795918,0.026822157434402333,Not Majority
06075980300,Not Designated,San Francisco,3.3678608695652175,106944,0,0,Not Majority
06075980600,Designated Qualified Opportunity Zone,San Francisco,3.16,80308.69463087249,0.23529411764705882,0.5063025210084033,Not Majority
06075980900,Not Designated,San Francisco,3.49,101e3,0.23461538461538461,0.06923076923076923,Not Majority
06075061000,Not Designated,San Francisco,3.54,101667,0.1376321353065539,0.14460887949260043,Not Majority
06075060700,Not Designated,San Francisco,3.16,114597,0.1153005983474214,0.06914236869598253,Not Majority
06075061500,Not Designated,San Francisco,3.13,162690,0.08730948916290113,0.012407137933675424,Not Majority
06075022600,Not Designated,San Francisco,3.07,205865,0.08837656099903939,0.07780979827089338,Not Majority
06075030900,Not Designated,San Francisco,3.29,157820,0.07604121317660717,0.013495864170657379,Not Majority
06075980200,Not Designated,San Francisco,3.3678608695652175,15e4,0.05,0.1,Not Majority
06075980501,Not Designated,San Francisco,3.3678608695652175,16473,0.09261430246189918,0.21922626025791325,Not Majority
06075035400,Not Designated,San Francisco,3.77,87598,0.021628302178279005,0.0282712807044647,Not Majority
06075035201,Not Designated,San Francisco,3.86,84817,0.05495634309193631,0.001369628488272556,Not Majority
06075033000,Not Designated,San Francisco,3.62,83896,0.08095529699938762,0.0064911206368646664,Not Majority
06075030700,Not Designated,San Francisco,3.31,126875,0.12048553873819871,0.01213846845496778,Not Majority
06075010100,Not Designated,San Francisco,3.13,59519,0.115,0.03775,Not Majority
06075030102,Not Designated,San Francisco,3.42,111651,0.08574807806031934,0.014192785334121822,Not Majority
06075023103,Designated Qualified Opportunity Zone,San Francisco,3.06,22697,0.18112947658402204,0.49242424242424243,Not Majority
06075030800,Not Designated,San Francisco,3.27,134481,0.10332464146023468,0.04856584093872229,Not Majority
06075021700,Not Designated,San Francisco,3.56,104698,0.14240351734245238,0.08280410356619443,Not Majority
06075010500,Not Designated,San Francisco,2.64,119750,0.05551415797317437,0.05402384500745157,Not Majority
06075012602,Not Designated,San Francisco,3.08,122212,0.03620689655172414,0.004827586206896552,Not Majority
06075035300,Not Designated,San Francisco,3.42,80352,0.06787330316742081,0.007985094490284802,Not Majority
06075030500,Not Designated,San Francisco,3.54,109352,0.1264406779661017,0.0759322033898305,Not Majority
06075031100,Not Designated,San Francisco,3.49,110417,0.13507625272331156,0.06594045025417575,Not Majority
06075025500,Not Designated,San Francisco,3.47,103275,0.3571882278213,0.006563624814736396,Not Majority
06075033201,Not Designated,San Francisco,3.3678608695652175,22895,0.3058823529411765,0.05858343337334934,Not Majority
06075030400,Not Designated,San Francisco,3.41,154769,0.03609913793103448,0.02514367816091954,Not Majority
06075018000,Not Designated,San Francisco,3,156897,0.1378469045440683,0.15858493443122904,Not Majority
06075035100,Not Designated,San Francisco,3.49,107482,0.07780784844384303,0.010036084799278304,Not Majority
06075017700,Not Designated,San Francisco,3.21,93056,0.32663316582914576,0.022892238972640984,Not Majority
06075033100,Not Designated,San Francisco,3.39,108018,0.041316180108857,0.003711034141514102,Not Majority
06075042800,Not Designated,San Francisco,2.85,181125,0.053338762214983716,0,Not Majority
06075023200,Not Designated,San Francisco,4.06,49583,0.3901223380154055,0.34866334390575443,Not Majority
06075023400,Designated Qualified Opportunity Zone,San Francisco,3.82,39750,0.3261964735516373,0.2131612090680101,Not Majority
06075032700,Not Designated,San Francisco,3.59,103648,0.04779980317728103,1.4058765640376775e-4,Not Majority
06075015700,Not Designated,San Francisco,3.11,102152,0.13535353535353536,0.03793490460157127,Not Majority
06075031000,Not Designated,San Francisco,3.62,128517,0.13829491807831157,0.015828936406553733,Not Majority
06075010200,Not Designated,San Francisco,2.66,110536,0.03883720930232558,0,Not Majority
06075061400,Not Designated,San Francisco,3.52,137469,0.20546810273405136,0.09378624689312344,Not Majority
06075026200,Not Designated,San Francisco,3.47,76137,0.22422109242602006,0.008212749315604223,Not Majority
06075031400,Not Designated,San Francisco,4.29,59487,0.23061516452074393,0.13605150214592274,Not Majority
06075026302,Not Designated,San Francisco,3.86,76386,0.2533389866440534,0.0211999152003392,Not Majority
06075030301,Not Designated,San Francisco,3.32,130234,0.06142098273572377,0.02755644090305445,Not Majority
06075026100,Designated Qualified Opportunity Zone,San Francisco,4.15,72350,0.28828954723309114,0.008524315259921743,Not Majority
06075025900,Not Designated,San Francisco,3.52,89896,0.24544241885282347,0.07292129835482436,Not Majority
06075015400,Not Designated,San Francisco,3.58,118674,0.05291348807011849,0.020938159389709464,Not Majority
06075031302,Not Designated,San Francisco,3.51,67438,0.18684254466521957,0.08882952078811154,Not Majority
06075032901,Not Designated,San Francisco,3.65,83169,0.07104394649991315,0.008511377453534827,Not Majority
06075023001,Not Designated,San Francisco,3.92,64583,0.07417371252882399,0.09973097617217525,Not Majority
06075012700,Not Designated,San Francisco,3.09,131568,0.047150259067357515,0.010103626943005182,Not Majority
06075025200,Not Designated,San Francisco,3.43,130099,0.23353293413173654,0.022412318220701454,Not Majority
06075032802,Not Designated,San Francisco,3.17,84946,0.032397900981063196,0.029888204426192107,Not Majority
06075023300,Not Designated,San Francisco,3.01,54566,0.1929441148922885,0.08179831408054948,Not Majority
06075017601,Not Designated,San Francisco,3.4,21154,0.1244574929793209,0.09956599438345673,Not Majority
06075025701,Not Designated,San Francisco,3.77,80565,0.2259577795152463,0.03655199374511337,Not Majority
06075021600,Not Designated,San Francisco,3.38,135395,0.13799165018677215,0.07009448472863107,Not Majority
06075030302,Not Designated,San Francisco,3.51,133984,0.0852039584841902,0.015447743181269612,Not Majority
06075020402,Not Designated,San Francisco,3.36,93479,0.18202196816857208,0.019502353732347006,Not Majority
06075045200,Not Designated,San Francisco,3.74,87664,0.11144496039333515,0.007511608850040972,Not Majority
06075032801,Not Designated,San Francisco,3.14,79764,0.07368671262182078,0.007606370335155693,Not Majority
06075013300,Not Designated,San Francisco,2.94,141019,0.07564130673098005,0.02499451874588906,Not Majority
06075022801,Not Designated,San Francisco,3.26,117188,0.3584691170898067,0.023872679045092837,Not Majority
06075020600,Not Designated,San Francisco,3.42,136761,0.058788598574821854,0.02632620744259699,Not Majority
06075025600,Not Designated,San Francisco,3.63,73730,0.2129360465116279,0.0188953488372093,Not Majority
06075011700,Not Designated,San Francisco,2.05,50223,0.17132867132867133,0.042540792540792544,Not Majority
06075025100,Not Designated,San Francisco,3.57,103700,0.19060773480662985,0.06988950276243094,Not Majority
06075013200,Not Designated,San Francisco,3.12,131806,0.0549393861232912,0.004642765024503482,Not Majority
06075022704,Not Designated,San Francisco,3.33,150938,0.07065376722368807,0.014072119613016711,Not Majority
06075025702,Not Designated,San Francisco,3.41,59926,0.26841105718506014,0.02532179784764718,Not Majority
06075040200,Not Designated,San Francisco,2.71,83867,0.07909401402121158,0.017616394031997124,Not Majority
06075047600,Not Designated,San Francisco,3.29,84625,0.051354701611475116,0.009208429254471401,Not Majority
06075030600,Not Designated,San Francisco,3.29,158421,0.13283828382838284,0.005775577557755775,Not Majority
06075025403,Not Designated,San Francisco,3.46,88262,0.3969896519285042,0.09482596425211665,Not Majority
06075031201,Not Designated,San Francisco,3.62,80462,0.12044741508661846,0.07161369526667576,Not Majority
06075017802,Not Designated,San Francisco,3.36,69833,0.15897858319604613,0.13220757825370674,Not Majority
06075032902,Not Designated,San Francisco,3.39,96208,0.04660542236164015,0.008290387631637912,Not Majority
06075021800,Not Designated,San Francisco,3.28,131012,0.11527237354085604,0.029182879377431907,Not Majority
06075023102,Not Designated,San Francisco,3.42,35951,0.12873415001074576,0.6019772189984955,Not Majority
06075012800,Not Designated,San Francisco,3.05,126716,0.10349153251097637,0.011708132970938742,Not Majority
06075021500,Not Designated,San Francisco,3.52,113819,0.07947154471544715,0.030894308943089432,Not Majority
06075016700,Not Designated,San Francisco,3.32,147237,0.1168003290150113,0.05243676742751388,Not Majority
06075047801,Not Designated,San Francisco,3.25,92881,0.06388267462092966,0.013671389510315685,Not Majority
06075032602,Not Designated,San Francisco,3.66,80357,0.05727155727155727,0.004075504075504076,Not Majority
06075017000,Not Designated,San Francisco,3.26,140152,0.070472341500378885,0.01035615054306643,Not Majority
06075031301,Not Designated,San Francisco,3.42,93750,0.07616707616707617,0.1987938351574715,Not Majority
06075020100,Not Designated,San Francisco,3.52,43933,0.46736029535156903,0.04480617553280752,Not Majority
06075033203,Not Designated,San Francisco,3.87,50946,0.15954415954415954,0.054605887939221276,Not Majority
06075061200,Designated Qualified Opportunity Zone,San Francisco,3.35,51818,0.3984466933396093,0.18592610025888445,Not Majority
06075026303,Not Designated,San Francisco,3.37,83047,0.28736581337737405,0.00805119735755574,Not Majority
06075021100,Not Designated,San Francisco,3.38,136780,0.09760765550239234,0.006937799043062201,Not Majority
06075040100,Not Designated,San Francisco,3.72,93875,0.038232044198895025,0.008839779005524863,Not Majority
06075032601,Not Designated,San Francisco,2.92,95854,0.06927465362673187,0.007946210268948655,Not Majority
06075023003,Not Designated,San Francisco,3.89,76528,0.18244803695150116,0.25796766743648963,Not Majority
06075026402,Not Designated,San Francisco,4.07,82969,0.29193071398394593,0.08069286016054077,Not Majority
06075042700,Not Designated,San Francisco,3.14,56765,0.05125587094139269,0.02838472534204615,Not Majority
06075026001,Designated Qualified Opportunity Zone,San Francisco,3.78,60694,0.4343331638705304,0.028639213692594475,Not Majority
06075026003,Not Designated,San Francisco,3.81,65282,0.4885002851168979,0.012164987644934424,Not Majority
06075047902,Not Designated,San Francisco,3.58,74500,0.04998649013780059,0.010537692515536342,Not Majority
06075045100,Not Designated,San Francisco,2.98,91206,0.11309640683290792,0.023561751423522483,Not Majority
06075025300,Not Designated,San Francisco,2.97,104545,0.24994251552080937,0.021384226258910094,Not Majority
06075026403,Not Designated,San Francisco,3.64,66875,0.21354705274043434,0.023009307135470527,Not Majority
06075025401,Not Designated,San Francisco,3.54,110313,0.44708209693372897,0.027200791295746787,Not Majority
06075033204,Not Designated,San Francisco,3.3678608695652175,44922,0.15743782261848896,0.08024401689347724,Not Majority
06075035202,Not Designated,San Francisco,3.6,78542,0.06602150537634409,0.02193548387096774,Not Majority
06075016500,Not Designated,San Francisco,3.32,104097,0.11918505942275043,0.1033955857385399,Not Majority
06075016100,Not Designated,San Francisco,3.83,23840,0.04747180793015642,0.39377955620225535,Not Majority
06075026301,Designated Qualified Opportunity Zone,San Francisco,3.55,65625,0.28778467908902694,0.006004140786749482,Not Majority
06075013000,Not Designated,San Francisco,3.08,151477,0.05639097744360902,0,Not Majority
06075047701,Not Designated,San Francisco,3.67,72981,0.04905136510874595,0.0023137436372049976,Not Majority
06075030201,Not Designated,San Francisco,3.19,91387,0.056390108620291195,0.008782066096602727,Not Majority
06075012402,Not Designated,San Francisco,3.57,40453,0.2044711014176663,0.06406761177753544,Not Majority
06075026002,Not Designated,San Francisco,3.46,86900,0.3066388806192319,0.051801131289074126,Not Majority
06075030202,Not Designated,San Francisco,2.96,105457,0.14737069898290414,0.02272235446872971,Not Majority
06075013400,Not Designated,San Francisco,3.2,136700,0.04925,0.012,Not Majority
06075021400,Not Designated,San Francisco,3.03,143846,0.12232334047109207,0.0021413276231263384,Not Majority
06075012902,Not Designated,San Francisco,2.9,119007,0.06789444749862562,0.02446399120395822,Not Majority
06075047702,Not Designated,San Francisco,3.32,85769,0.047889995258416314,0.018018018018018018,Not Majority
06075020700,Not Designated,San Francisco,3.4,150670,0.14316115302766494,0.008318823757012962,Not Majority
06075030101,Not Designated,San Francisco,3.17,94857,0.09258508914100486,0.023298217179902755,Not Majority
06075020800,Not Designated,San Francisco,3.12,72632,0.4214876033057851,0.021455816910362364,Not Majority
06075021200,Not Designated,San Francisco,3.68,144886,0.07650096836668818,0.010974822466107165,Not Majority
06075015801,Not Designated,San Francisco,3.35,66698,0.0926959475855375,0.3368114535306964,Not Majority
06075016600,Not Designated,San Francisco,3.47,118167,0.069303402814894,0.01906288972029218,Not Majority
06075026401,Not Designated,San Francisco,3.95,50694,0.16091644204851752,0.08652291105121294,Not Majority
06075047802,Not Designated,San Francisco,3.63,75091,0.09779019558039116,0,Not Majority
06075020200,Not Designated,San Francisco,3.2,58838,0.21120904706469318,0.03775153833361051,Not Majority
06075010400,Not Designated,San Francisco,3.29,102986,0.1030230708035004,0,Not Majority
06075026004,Designated Qualified Opportunity Zone,San Francisco,3.53,75962,0.3440292445166531,0.022339561332250204,Not Majority
06075042602,Not Designated,San Francisco,3.48,104943,0.05663430420711974,0.009061488673139158,Not Majority
06075020401,Not Designated,San Francisco,3.08,149886,0.05195638229634381,0.029185375240538807,Not Majority
06075017101,Not Designated,San Francisco,3.34,127065,0.0692186680650236,0.0437860513896172,Not Majority
06075015500,Not Designated,San Francisco,3.47,55313,0.08737332237743084,0.030402629416598194,Not Majority
06075020900,Not Designated,San Francisco,3.61,59896,0.48386442053988227,0.010757052973411813,Not Majority
06075021000,Not Designated,San Francisco,3.59,98260,0.2072325682113469,0.025552187093980078,Not Majority
06075021300,Not Designated,San Francisco,3.17,167708,0.07406042741341194,0,Not Majority
06075022903,Not Designated,San Francisco,3.56,80972,0.4841168996188056,0.021283354510800507,Not Majority
06075016400,Not Designated,San Francisco,3.43,107254,0.06712962962962964,0.10648148148148148,Not Majority
06075031202,Not Designated,San Francisco,3.93,73839,0.11490683229813664,0.16211180124223604,Not Majority
06075025402,Not Designated,San Francisco,3.48,123313,0.20775716694772345,0.016863406408094434,Not Majority
06075015900,Not Designated,San Francisco,3.41,52479,0.09187442289935364,0.11334256694367498,Not Majority
06075017102,Not Designated,San Francisco,3.5,133079,0.07234042553191489,0.01702127659574468,Not Majority
06075016900,Not Designated,San Francisco,3.51,102218,0.09907120743034056,0.04643962848297214,Not Majority
06075042601,Not Designated,San Francisco,3.15,70100,0.10538922155688622,0.02658682634730539,Not Majority
06075015600,Not Designated,San Francisco,3.88,85625,0.0855222968845449,0.00855222968845449,Not Majority
06075022802,Not Designated,San Francisco,3.72,58772,0.4587843463780183,0.030807660283097418,Not Majority
06075020300,Not Designated,San Francisco,3.2,108750,0.14109459031951915,0.018032268269534957,Not Majority
06075022702,Not Designated,San Francisco,3.25,165551,0.09915140687807057,0.026351049575703438,Not Majority
06075022803,Not Designated,San Francisco,3.21,99375,0.47962044425274963,0.019624757386241105,Not Majority
06075015200,Not Designated,San Francisco,3.3,89440,0.05202718537614249,0.0635106632294352,Not Majority
06075020500,Not Designated,San Francisco,3.28,126971,0.07750865051903114,0.02041522491349481,Not Majority
06075060502,Designated Qualified Opportunity Zone,San Francisco,5.46,25434,0.3795918367346939,0.1956268221574344,Not Majority
06075016200,Not Designated,San Francisco,3.69,80651,0.11270003404834865,0.05005107252298264,Not Majority
06075010300,Not Designated,San Francisco,3.31,99120,0.12854181064270906,0,Not Majority
06075010900,Not Designated,San Francisco,3.73,117181,0.019788621542613,0.016865302451090622,Not Majority
06075022901,Not Designated,San Francisco,3.69,69013,0.6086803725180109,0.03479177648919346,Majority
06075011100,Not Designated,San Francisco,2.98,84442,0.07085219444991143,0.04625073804369219,Not Majority
06075016300,Not Designated,San Francisco,3.42,116928,0.09554710226001342,0.14656522712016112,Not Majority
06075025800,Not Designated,San Francisco,4.22,72868,0.3677826297913634,0.053857350800582245,Not Majority
06075011000,Not Designated,San Francisco,3.32,115100,0.06284268241248418,0.015394348376212568,Not Majority
06075061100,Not Designated,San Francisco,2.7,17218,0.03841229193341869,0.005761843790012804,Not Majority
06075013102,Not Designated,San Francisco,3.11,124330,0.07758324751115689,0.0034328870580157913,Not Majority
06075013500,Not Designated,San Francisco,2.79,120714,0.0673076923076923,0.03365384615384615,Not Majority
06075015300,Not Designated,San Francisco,3.44,111250,0.09668755595344673,0.0729632945389436,Not Majority
06075016801,Not Designated,San Francisco,3.61,88929,0.09189356435643564,0.06590346534653466,Not Majority
06075010800,Not Designated,San Francisco,2.77,94875,0.0945945945945946,0,Not Majority
06075016802,Not Designated,San Francisco,3.73,79167,0.19435165502581234,0.05223200728818706,Not Majority
06075017801,Not Designated,San Francisco,3.34,17113,0.03801807416640698,0.03770645060766594,Not Majority
06075026404,Designated Qualified Opportunity Zone,San Francisco,4.8,48e3,0.22104144527098832,0.1569252568189869,Not Majority
06075010600,Not Designated,San Francisco,2.91,36949,0.04121110176619008,0.014017381553125876,Not Majority
06075010700,Not Designated,San Francisco,2.77,22425,0.05609003448901797,0,Not Majority
06075012901,Not Designated,San Francisco,3.25,142500,0.038813621384108384,0,Not Majority
06075011200,Not Designated,San Francisco,2.79,100139,0.039580209895052475,0.03298350824587706,Not Majority
06075015100,Not Designated,San Francisco,3.35,83750,0.08218549127640037,9.182736455463728e-4,Not Majority
06075013101,Not Designated,San Francisco,3.06,124063,0.08030451866404716,0.02504911591355599,Not Majority
06075012601,Not Designated,San Francisco,2.83,125139,0.13662790697674418,0.0170265780730897,Not Majority
06075015802,Not Designated,San Francisco,2.92,107143,0.10388437217705511,0.06744956338452274,Not Majority
06075022902,Not Designated,San Francisco,3.92,113750,0.4111356932153392,0.0420353982300885,Not Majority
06075016000,Not Designated,San Francisco,3.15,62719,0.08992416034669556,0.07078367641747924,Not Majority
06075012501,Not Designated,San Francisco,3.66,19328,0.1778688524590164,0.13524590163934427,Not Majority
06075012000,Not Designated,San Francisco,3.47,37219,0.10121150933871782,0.05451792024230187,Not Majority
06075012100,Not Designated,San Francisco,2.86,53595,0.2047082906857728,0.02840327533265097,Not Majority
06075011300,Not Designated,San Francisco,3.02,24426,0.012087553087226397,0.021561581182620058,Not Majority
06075011902,Not Designated,San Francisco,3.3678608695652175,74077,0.14758717858400847,0.017964071856287425,Not Majority
06075012202,Not Designated,San Francisco,3.3678608695652175,31202,0.2751452155304188,0.10852950168144299,Not Majority
06075012302,Not Designated,San Francisco,3.3678608695652175,39081,0.14274416765519968,0.051403716884143934,Not Majority
06075012301,Not Designated,San Francisco,3.3678608695652175,15272,0.3302878026496117,0.07903152124257652,Not Majority
06075012201,Not Designated,San Francisco,3.18,43698,0.27707275803722503,0.10025380710659898,Not Majority
06075012401,Not Designated,San Francisco,3.3678608695652175,18979,0.2715001088613107,0.08991944263008926,Not Majority
06075011901,Not Designated,San Francisco,3,72364,0.09961089494163425,0.012840466926070038,Not Majority
06075012502,Not Designated,San Francisco,3.3678608695652175,11971,0.17852161785216178,0.11324965132496513,Not Majority
06075011800,Not Designated,San Francisco,3.3678608695652175,20800,0.06081946222791293,6.402048655569782e-4,Not Majority
